X1,X2,X3,X4,Y
9.89165006695351,5.988379213649599,9715.6091,-1806.5451,7978.48
10.099569283961845,5.999604616526728,12196.4304,-2319.0575,9894.33
10.028294073286212,5.9999413468109575,10054.7974,-1833.1081,8124.1
9.849939494067145,5.999913554122775,10957.8101,,8562.43
9.942172253196407,5.993317578485306,10447.5056,-2175.1163,
10.164394031951282,5.998752973328334,8485.6176,-1828.8589,6509.87
9.759706766384102,5.997482735047345,12912.3747,-2095.6324,10749.78
9.957121886797978,5.999849538263695,8851.3108,-2297.199,6527.22
10.1262557662725,5.985723987257484,14251.1051,-2219.794,12034.55
9.913434440539314,5.99932403951454,12499.6511,-2068.7417,10484.12
9.93216352105509,5.988545604496164,10391.1537,-1854.5061,8579.51
,5.996711010776455,7667.1289,-2286.1656,5402.21
10.148586708317326,5.99991364346239,13632.4938,-1981.0977,11630.86
9.936153257642204,5.997039560309831,,-1660.5412,8889.25
9.955616388883707,5.999678258039303,11866.9844,-2253.1834,9713.08
9.956578528676436,5.999744155513043,13172.0046,-2093.9106,11116.54
10.218808299936377,5.986736828402049,7885.4352,-2084.6337,5871.94
10.21693989072697,5.999858931090209,10740.4836,-2179.335,8539.22
10.100236772959933,5.998280114620561,9260.355,-1825.5482,7507.49
10.038609041330874,5.994879604459973,10649.1848,-2010.3675,8394.47
10.073670056344142,,10935.15,-2005.974,
10.148521678173063,5.9999810988457885,6949.6,-1693.0653,5236.55
9.906553151572197,5.988844054782735,9549.0431,-1933.181,7570.12
10.117312146617682,5.980758075344524,10180.1019,-2002.7288,8124.0
9.874940237063397,5.988696112491239,7652.1817,-2001.9522,5586.38
9.936268072754054,5.999994932980892,8583.3785,-2144.7365,6440.31
10.090586170369004,5.9999220736711205,10250.8231,-1746.1716,8526.72
9.857617454362972,5.957375271474954,11419.5781,-2078.9305,9501.37
,5.99464594161907,9708.7443,-1983.0599,7729.24
9.913931130436147,5.998416354619122,8651.259,-2398.022,6136.91
9.97444084660473,5.9966985025645245,8092.4935,-1860.0478,6458.56
9.723779948973021,5.999178982032819,9298.2218,-1703.8427,7590.15
9.8237718457449,5.9988983852096265,8465.7981,-1738.6738,6711.31
9.930069399142702,,11226.0716,-2196.7587,8975.67
10.092613335231409,5.996975030603407,10512.3992,-1868.3032,8504.1
9.982637304208332,5.992170790789305,8741.7715,-1977.6743,6886.37
10.000284591585839,5.993691081322222,10461.2497,-2111.9681,8229.98
,5.999824678124337,15204.033,-1883.0953,13421.76
9.912159721078499,5.999466540763897,11561.3391,,9677.97
10.028358929825918,,10515.7935,-1898.3715,8675.5
9.919550382127555,5.997538741336539,11485.6789,-1889.1235,9566.05
9.828091238851787,5.998907181872953,12688.3276,-2006.6872,10713.94
9.96091997495125,5.999595174199677,7188.7494,-1657.8693,5529.91
10.057349103524201,5.986559179175784,,-2157.0008,7012.3
10.033852436019028,5.993367722069899,8803.89,-1908.8322,7020.39
9.998816950828084,5.9981896753189226,8750.3237,-2256.4184,
10.236960966509487,5.992619924220466,14675.5737,-2008.4791,
10.041279483688022,5.998496563477897,11046.6049,-1937.1246,8949.92
,,12356.1004,-1953.2106,10345.97
10.221950425204462,5.998627840469843,10606.8006,-1851.324,8819.89
9.870952356838021,5.998509855835674,16263.5547,-2147.3348,14176.58
9.89630790096766,5.998399325662075,6383.9481,-2150.7569,4312.87
10.17348892933739,5.9994112495869185,9054.6933,-2241.9785,6853.91
9.920278414410943,5.998605654433712,9138.1721,-2154.567,7022.34
10.002968318671382,5.995144598309084,9314.5786,-2125.3966,7114.13
10.106727930906613,5.989746683457249,11912.635,,9811.34
10.08895291101757,5.991428773077489,10181.2225,-2263.1683,8067.88
10.17458927209756,5.9985949200192765,11343.3869,-1923.2526,9407.56
10.14900742317829,5.999891929402711,12193.2567,-2043.6648,10215.46
10.106735557122425,5.993122093014647,10455.8969,-1958.1478,8440.39
,5.999722275082339,11510.1312,-2067.4221,9547.72
10.079402593295127,5.999997043383785,9138.8929,-1556.8307,7648.74
10.031422026428418,,8751.831,-2383.6,6381.35
9.86776192461113,5.998732280854656,8306.1341,-2107.3337,6104.55
10.141255884247705,5.9946787784745705,10169.5285,-2292.2032,7912.58
10.080636011983142,5.995885198554222,8182.7563,-1847.8791,6500.57
10.004548992373996,5.999203613682241,7974.5782,-2114.9516,5872.42
9.97669290456699,5.991850925306674,11345.2508,-1934.6693,9639.92
9.880456458258994,5.999798140659695,8225.7422,-2236.3699,5862.01
10.019951083544777,5.999261921310698,11167.0551,-1982.1046,9110.57
10.046826781818165,5.99135678588033,9366.0665,-2018.9716,7277.89
9.916980164748262,5.983802655834806,8876.1179,,
10.115958946513853,5.9984389867064385,11899.8112,-1380.4243,
9.89049970835354,5.998279700543897,12083.0903,-1931.6998,10098.63
9.789281372713056,5.998911740805484,10432.9837,-2363.7639,
10.103785480535183,5.9954187170075315,13018.8775,-1552.6818,11523.87
,5.972459400337078,6919.6549,-2022.4962,4911.5
9.987397375096952,5.9997835792666026,12278.4964,-2214.9661,10071.27
9.916346203871603,5.996383553558553,8456.9126,,6318.93
9.840093161736597,5.995200692185329,9543.609,-1800.0147,7887.31
10.12519436736065,5.998492946202715,10729.9583,-1772.9851,
9.931167571392331,5.9976903979299685,8660.8399,-1892.583,6923.61
,5.99940074066924,9914.8978,-2135.1102,7721.62
10.080643153811756,5.9998859417592705,9164.7243,-1850.1377,7381.75
9.968529382393568,5.999975916134796,9549.8059,-1934.1682,7672.82
9.891623047223272,5.928613506614358,14651.8903,-1952.7361,12699.4
9.926819278139233,5.993654137145926,6631.3959,-1971.5103,4665.67
9.87904457963774,5.996276542704954,9575.184,-2038.0088,7583.31
10.207199373834001,5.997933403782968,10801.0866,-1957.8041,8823.56
10.016443381926027,,7864.7557,-2093.129,5709.58
10.114767106858801,5.994527851774116,9666.3314,-1856.0087,7923.73
9.873603788917562,5.999880830260541,10614.9273,-1940.7075,8644.13
10.018102524110185,5.9917219396299615,10731.2719,,9137.3
10.117514029900107,5.997934405788168,11713.7528,-2226.7626,9467.35
9.966505189954788,5.999234113580801,12314.1203,-1738.294,10604.86
10.102928830026261,5.983249253822275,,-2168.5234,7254.89
9.891755711068734,5.998017926802256,10175.9027,-2103.5318,8002.08
9.864074914375747,5.998339947847695,7362.8045,-2008.1321,5125.83
10.037930959737142,5.996766139673864,9895.2672,-1675.6784,8438.83
9.962091441890284,5.997853435958828,7308.4156,-2163.0888,5027.87
10.064161365199263,5.988597541537823,,-1779.0369,8267.86
9.80349828305757,,11714.6475,-1789.3423,9831.69
10.071166254364487,5.9995383204410615,10843.5206,-1743.8558,9095.02
10.256916641426358,5.999870722806208,10183.2636,-2111.2198,
9.997537404345877,5.959641751697568,11679.1521,-1821.2005,10060.48
,5.998806322140588,12257.1467,-1982.6529,10254.5
10.017953983759515,,8411.4323,-1891.4352,6506.69
9.814876462632778,5.999912118307154,,-2072.0595,10522.91
10.042601767033762,5.994626294283953,8544.3732,-2375.581,6099.11
9.840147752035438,5.988495552666368,9128.7979,-1947.7834,
9.95724507679635,5.999835858992242,11504.1726,,9809.7
,5.9601198537285045,10358.3429,-1802.9364,8350.82
,5.998577718798329,9953.7426,,8063.06
10.05010391174609,5.996407253967218,10348.4454,-2058.971,8141.82
10.101100876472254,,12799.1738,-2137.5031,10700.81
10.027870476219967,5.998164562099223,10136.4965,-1823.4411,8373.46
9.863334199137407,5.997952899827524,11546.5171,-1806.2274,9724.02
9.966758597418547,5.985314495818856,11491.9916,-1995.7769,9439.91
10.194689746565095,5.997699927123814,14611.2461,-1936.18,12596.81
9.79887664336454,5.989150325446937,12957.9879,-1950.4824,11005.14
9.972424894432452,5.998628167216068,11458.5999,-2086.6968,9329.72
9.9448172378126,5.999907545356283,11490.8558,-1810.8273,9585.44
,5.996757103677398,,-1695.0011,8616.61
10.074751769421985,5.995643707377028,9678.1448,-2321.3269,7313.12
10.16017614241242,5.998894438044416,9975.0773,-1882.6073,8369.59
9.972980049656979,5.997815820619588,10048.8597,-1904.7348,8109.74
10.081144818676389,5.9954194527349385,9121.7326,-2020.3791,7050.01
10.04995321621545,5.999768088645892,9189.8428,-2183.6606,7075.09
10.047416943340979,5.994813867612317,9873.4116,-1638.8119,
9.943637491022313,5.990393281579588,,-2023.4277,7255.63
9.900433101903754,5.992500714910536,9616.5171,-1639.3577,7960.92
9.890217413958622,,9669.3256,-1811.4543,
9.924428396972884,5.983131625770284,11893.763,-1976.1851,10039.79
10.032163109731739,5.999986073428424,11647.4671,,9698.25
10.076021523377527,,12154.265,-1950.7141,10268.86
10.032341244210224,5.9917652137298605,12645.1482,-1881.9411,10680.47
9.945132057651405,5.9999068562502655,8610.9691,,6670.98
,5.976931247673618,10057.8259,-2069.2503,8099.28
10.151303243734631,5.999894594374286,10611.7571,,9002.99
9.96460738191279,5.999732679679935,10904.0286,-1655.1884,9220.61
9.917749880999342,5.994215492191696,11051.7339,-1992.2654,9116.4
10.013021127432882,5.936336651773962,13042.1542,-1956.4501,11188.92
10.12639091351589,5.993407750364678,8932.2702,-1837.7249,7123.19
10.03327035674745,5.998874000977715,10466.8911,-2055.7464,
10.055626143441803,5.981505137827682,7714.258,-2407.0476,5113.7
9.978793577559205,5.98527383792827,10851.4267,-1957.0808,8957.09
10.045611259850881,5.998513395888311,7068.8138,-1772.4161,5303.76
,5.999152557742127,10733.9916,,8568.66
9.976035416260396,5.999109228049686,12635.6458,-2420.1527,
10.014330282734804,5.9970076156921,11282.4039,-1868.7918,9491.35
10.025378922481236,5.999301654567503,,-2188.9798,5636.18
10.02836872907813,5.999398985413301,8510.3329,-2268.7409,6141.73
9.859279728725681,,11272.125,-2224.2875,9120.72
9.813413116040536,,9776.5167,-1922.0174,7932.26
9.898211089707843,,6117.8833,-1726.8245,4564.92
10.016793440093348,5.994769966359123,13034.6693,-2261.5093,
10.055357304432556,5.984041194426016,10374.6815,-1945.8881,8335.45
9.946957448211565,5.999843023016112,,,5643.44
10.137290755285902,5.9998682858382075,10474.304,-1946.0342,8496.13
9.985682891731665,5.999998752689334,14919.3939,-1861.9143,13086.54
10.002031598425926,5.9954309745303105,9709.0512,-1992.9117,7649.61
9.980604829139432,5.999795284997964,9679.4927,-2274.105,
10.013402278020344,5.998951686487409,8757.7844,,6971.97
10.070389152026035,5.999801349146943,11335.9,,9702.47
10.06651619678474,,10509.0326,-2040.1204,8475.37
9.91027851958003,5.992741357784721,11689.5947,,9536.37
10.151777517660166,5.994795699466782,8601.1677,-1826.604,6852.21
9.89071606101679,5.980917659761759,,-2094.9586,9392.88
10.00792261852572,5.9795215920405616,7782.7586,-2039.1932,5847.17
9.972563785896934,5.99328249513948,11017.587,-1821.2343,9333.23
9.895293108644504,5.982278329071052,,-1873.1032,6645.09
9.992488011854617,,,-1513.6242,8511.17
9.925986364469143,5.998125079026886,7125.6333,-2066.7022,5055.29
10.007290659738446,5.989281396538956,10196.8297,-1760.7246,8575.43
,5.998919538172669,9960.4847,-2161.7592,
10.146662004552551,5.999574383629148,7176.6937,-1564.2615,5694.42
10.030733581555468,5.984008343334853,13762.1187,-1696.6296,12008.06
9.938915517460353,5.9997837221322,11283.4284,-1833.8025,9381.35
9.960848028359408,5.986438120160647,7939.4034,-2255.6298,5689.88
10.013997353497128,5.999508331021752,8086.4828,-1879.376,6301.8
10.009345946884562,5.997114369340931,,-2125.663,7254.91
10.145441226886282,5.999983022211131,8897.0158,-1840.4748,7072.18
10.13908293926443,5.997988302817535,9815.0558,-1953.4815,7927.27
9.964114114130933,5.991090172407338,6134.3234,-2021.8532,4193.63
9.945163307334346,,13671.1056,-1596.1426,12085.14
9.747072006048073,5.999812622335911,8616.6311,-2153.3378,6321.09
9.945135520714526,5.997639121301957,12571.0895,-2090.1377,10632.82
9.902350089316435,5.989972042732705,9666.7773,-1839.6411,7972.16
,,15494.8046,-2102.771,13410.92
10.039148417530537,5.988898060023326,11791.6701,-2095.4407,9656.03
10.01771830571294,5.999825859258394,12237.6867,-1799.8796,10421.99
9.997003203780862,5.996844367875156,12534.4742,-1802.7873,10704.17
10.019956886142234,5.99573027837639,10167.6897,-1595.967,8593.35
9.987388557006,5.9901015597311,10303.6997,-1861.4616,
10.01970061868284,,9750.6743,-1769.188,7854.56
9.682487109639538,5.997350683757672,10736.1628,-1977.6266,8605.99
9.973073905721938,5.999998249392736,10152.1182,-2031.704,8096.42
,5.999963297493047,10737.3167,-1949.1768,8804.0
9.965880451858471,5.9998637202803335,8475.6599,,6246.66
9.978207099177455,5.999176178290092,9184.1673,-1754.7601,7460.3
10.070273044632632,5.98200305420803,11139.4644,-2145.3563,9102.84
9.940225120523568,5.995237486742553,10042.03,-1826.678,
10.218298140226455,5.998585231887102,10992.7794,-1571.6743,9519.37
10.068775358810225,5.999996048645589,11386.9621,-2000.9381,9301.56
9.999369274950432,5.994148909364509,11854.8357,-1729.1285,10172.61
9.979335240716141,5.999826494627154,11012.2966,-1910.6304,8992.99
9.991347879313885,,9540.8526,-1967.9196,7553.26
9.908597044878388,5.997117373835891,,-1816.7618,6405.01
,5.991942835800813,12449.7778,-1850.388,10592.7
10.027864744510003,5.99900339265715,8662.6295,-1882.9527,6835.47
10.057921725377623,5.999100222713507,10000.2333,-1979.2697,8155.65
,5.996799940889399,13497.1387,-2121.6371,11297.57
9.972515706730261,5.998491791493953,8476.9171,-1650.3766,6784.83
9.858864576128306,5.998052913097873,9462.4978,-1926.3409,7359.0
9.93313965222272,5.99927016843496,10238.3903,-1815.6232,
10.160521818339749,5.984579771361755,6746.1437,-1557.6326,5099.01
10.089485968872806,5.999610488544839,7976.3196,-1783.7729,
10.036953543051188,5.9897589302291285,12659.3211,-2192.3509,10454.1
9.923944091298466,5.9906409267151535,10924.6317,-2205.5437,8840.63
10.000364515489306,5.99999901807776,11719.1932,-1580.972,10046.27
9.874762841007325,5.9919494256721535,10518.1605,,8315.35
9.944834331314281,5.994696873706471,6475.6804,-2129.5276,4420.11
,,,,
9.963843889050436,5.999653190070993,6043.2002,-1924.3132,4208.77
10.09551436413892,5.999452568804287,11324.6239,-2278.0352,9043.02
9.85860286113807,5.9998236808883565,16155.0699,-1962.7562,14078.9
9.913564763302757,5.989036050917647,7110.917,,5529.66
9.86296376730365,5.99468049632526,12257.0112,-2161.4807,10080.91
,,,,
10.012405271446521,5.987217337776836,10376.9461,-2116.5267,8363.8
9.840638302915124,5.996867990795871,7446.8069,-1962.5278,5406.02
10.07531549195525,5.993706584440654,8341.7418,-2068.417,
9.975320928151291,5.997875797710165,6368.0141,-1781.8384,4496.26
10.006878779003557,5.999765243343481,9750.4509,-1753.0388,8036.17
10.032252079763271,5.999276776397165,10439.7665,,8839.32
9.95659698679521,5.993502955438165,11711.6735,,9942.56
10.103064629624043,5.999963108621167,9595.8033,-2033.9964,7578.06
9.980566950662299,5.998236099976761,8376.3039,-2094.7028,6509.44
10.059372088529695,5.997003541801818,8667.3936,,6602.11
9.980090077357854,5.9992769805502775,9738.4762,-1779.7267,7903.95
10.029083337203712,5.9995114662397695,10611.8635,-2160.566,8423.82
10.027962621699091,5.991257501774061,12975.4201,-1922.3075,10938.92
10.024994390799495,5.999999950234927,14511.7856,-1780.354,12670.17
9.902723289698317,,9984.1153,-1758.5873,8403.71
10.043573776527504,5.999892814019698,7960.4847,-1860.3491,6086.09
9.96810970892,5.993277504382758,12607.7497,-2203.1531,10439.34
10.063007039925898,5.997943015199702,15767.7488,-2033.7086,13632.67
9.786408974700821,5.999549336392324,,-2004.3941,6527.82
9.854011976842015,5.998001897298702,9029.8364,-2364.0967,6785.01
10.036336555325764,5.999791281029089,9760.7666,,7540.36
10.185217078669446,5.999771679636601,10044.4208,-1702.6438,8526.24
10.083408857552964,,8692.9234,-2076.5689,6656.8
,5.977515665719111,7418.8891,-2284.2575,5279.76
9.831601006115516,5.998457557007236,11262.1698,-1889.9058,9470.11
10.074200365449727,,9731.4744,-1750.8583,8058.31
9.991941765008704,5.998241855265563,12385.6504,-2339.2882,10096.81
10.05903607523347,,11118.2891,-2023.7141,
10.011529616763175,5.995048045241937,12144.2972,-2163.2774,10108.42
,,10126.3964,-2149.6185,7910.23
10.291565026379445,5.99652007783087,11452.0578,-2183.0091,9315.78
9.999387003933833,5.995553432982205,8598.1962,-1939.5511,6524.05
9.98407615211699,5.999976995485505,11030.3564,-2005.9754,9187.51
9.987855431014285,5.988478231355687,12125.1146,-1709.9578,10496.7
9.941679439868459,5.996886995019044,12832.4006,-2197.2573,10688.58
10.098851587121601,5.999805430692486,9421.3995,-1686.5431,7681.7
9.964631944421939,5.999318625115203,11236.7521,-1982.1224,9254.15
10.063551414242045,,12784.2198,-1966.232,10864.76
10.028456461048961,5.999175644207678,7130.7504,-2151.1223,4755.82
10.121596923185907,5.9996368197841035,9299.8567,-1902.7091,7448.04
10.042005596942985,5.9999999418886,11204.418,-1710.948,9454.72
9.878959047730083,5.998727248694453,9443.019,-2164.8927,7415.01
9.86773988737874,5.983392530737276,8735.3977,-1762.3558,7050.89
10.140371791909677,5.999813579080632,,-2125.5708,8846.79
9.939166503528105,5.999034485844042,9092.7153,-2079.6562,7131.7
9.868323260648882,5.990463179733304,10162.5877,-1935.386,8315.91
,5.9999130587579845,7155.2854,-1995.5498,5389.87
10.126125717090137,5.990289696381556,9102.9834,-2008.4356,7149.22
9.858455648291955,5.997158704729871,10591.4735,,8745.18
9.913458868372198,5.998540235855701,9822.9561,-1582.5755,
9.93336865215689,5.999964274021887,9933.3155,-1956.3372,7974.69
9.875207208529183,5.999610008361679,,-2205.909,
9.881843934467224,5.99937673683262,12333.9294,-2232.0123,10167.75
9.848771649285649,,9540.5814,-2046.4799,7473.36
9.953897605567334,5.985107399596293,9977.3915,-1608.629,8470.87
9.964516567092659,5.9956637853747985,10173.0456,,8771.36
9.931799166584776,,9088.6529,,7560.8
9.835382918624495,5.999537765929946,,-2232.5871,6361.89
10.125005718310701,5.999999080696511,11784.3886,-2173.0291,9711.31
9.867483063630406,5.9963069581391455,7830.3867,-2225.3971,5742.51
10.027799789212548,5.986881973214961,11247.8536,-2170.408,9129.92
,5.993218543574619,9605.9419,-2466.8925,7162.13
10.066781947447755,5.989403066086963,9352.6342,-1874.6103,7490.77
10.095437758113382,5.990445014182719,10681.9607,-2111.6159,8426.21
9.912351255111535,5.999992635550863,10996.567,-1615.3826,9348.51
9.808812743611243,5.9982137641744435,8051.1461,-1905.5616,6319.12
10.069522604743092,5.9952352679422845,9950.1149,-1842.6807,8182.1
10.186481947743083,5.995539892267213,9154.4634,,6790.01
10.041557482885722,5.999200524409266,8591.4197,-2088.2734,6637.11
10.016053752497859,5.996181773340001,6270.7874,-2231.3863,4194.22
10.081884277598888,,,-2316.5925,9501.45
10.07643087420084,5.999249223183946,11878.5455,-1871.9005,10253.25
9.917196033964633,,7820.2278,-1975.1706,5873.1
9.934132589955288,5.998607562977374,9804.0033,-2297.5457,7486.08
10.061074322519907,5.999282877177601,7715.3288,,6022.53
9.985599163049208,5.997980426151058,9314.9192,-1864.6289,7482.42
10.131280510740734,5.986294733177727,8777.3771,-2116.1322,6718.09
9.92962400794852,5.991115417008086,12897.7133,-1876.7154,11028.81
10.074990527361459,5.996217404138006,7457.2217,-1955.9152,5608.19
10.034257094202388,5.995055840108217,6753.5708,-2110.4131,4532.33
9.9873565805078,5.999938245473474,9317.1586,-2133.6993,7204.31
10.11732026288723,5.984496603217877,9434.3372,-1846.5889,
10.067954743534424,5.999211820993974,14323.2656,-1923.3064,12449.92
9.899672361858775,5.981633589718908,8543.2581,-2288.4037,6056.72
10.063978141536534,5.99119414144153,13174.0639,,11385.6
10.137066213151966,5.998489544960609,11040.222,-2239.923,8813.45
9.986955901035547,,13584.5797,-2095.5949,11330.62
9.975136977269717,,10568.2373,-1819.4345,8788.53
9.933085322026056,5.999913881129008,7039.0266,-2019.6175,5020.59
9.998639611852067,5.999627855839106,8236.8478,-1809.0393,6569.84
10.068566229238387,,11126.8643,-1605.4735,9543.74
9.918324252564721,5.998359704148433,8312.0647,-2132.7878,6236.06
9.865770627704395,5.996481514569394,15360.0582,-1864.9147,13609.6
9.962433850173774,5.999814823086572,6680.5838,-1813.1283,4933.91
9.862464835840195,5.996718658236188,8785.6131,-1737.9147,7006.53
10.05229797489703,5.993186740729554,10967.7684,-1961.1081,9090.96
9.95734396930778,5.998771515822897,10044.3116,-2167.2137,7892.87
9.825359953865762,5.993600209918676,9082.348,-2294.6923,6746.18
9.965146308979605,5.987956227616975,13110.2647,-1840.4095,11300.16
9.980739692418263,5.99916524191784,10155.5415,-1783.9572,8238.2
10.044898462710064,5.994887247239846,12273.3621,-1789.7619,10429.2
9.985464157614674,5.996437612477226,9181.3668,-1855.5425,7193.1
10.18578690124766,5.999585929379351,12195.1072,-2196.1313,9995.34
,,,,
9.993760185633969,,7023.6413,-2370.0367,4687.8
9.989709120220203,5.999980579483645,7724.5991,,5995.78
9.97174092407856,5.999932720306135,12387.3384,-2199.5878,10271.16
,5.9948685548463905,10005.7447,-2212.4541,7662.99
10.054096709656909,5.9943458667114236,12422.7335,,10012.21
10.133609124409764,5.985557546799157,11510.0643,-2359.943,9088.68
9.843717660513647,5.999806808144646,7888.8436,-1805.2356,
9.948987862855402,5.997998065379049,7762.1485,-2258.768,5352.83
9.95523781893726,5.999999702497473,9797.3651,-1924.2473,7805.92
10.093647607087686,5.998056063289123,10342.2624,-1685.7792,8589.75
9.964341255176214,5.999712470310651,8657.1199,-2215.3254,6398.68
9.811614885786286,5.996233166439577,11048.2023,-1859.508,8974.84
10.008772933848874,5.995934679225957,9576.0779,-2213.5763,
9.996631083218581,5.99756852340706,8543.7313,-2098.7132,6391.02
10.017974188611852,5.9999033502589105,10516.5765,-2181.9044,8253.06
9.896171175894189,5.999996729203064,8755.2626,-2134.792,6602.43
10.171058070616239,5.999807057104295,7308.9856,,5399.39
9.967619682672092,,13391.5846,-1967.3056,
9.981171426830613,5.992958478000237,6451.7711,-2265.4519,4030.93
9.910120597289536,5.999893834870019,6959.6203,-2247.4795,4690.29
9.907034234621147,5.996332998284668,11727.4897,-1716.4168,9852.81
9.878030759094448,5.9930831287599355,,-2306.9146,8281.73
9.96067905447145,5.99958640014111,,-1691.9829,7302.69
9.904388093558476,5.9979650753479135,14258.2299,-2145.8501,12025.83
10.204200309434846,5.998867648513493,9226.8175,-1977.923,7236.98
9.812271282942188,,9776.3796,-1943.6446,
9.887406211368303,5.9970080141459094,10031.1386,-2084.279,7912.15
9.95986933650734,5.999784902293402,11262.3417,-1874.8923,9397.91
10.067298224481386,5.995023583367485,11428.724,-2036.4734,9310.68
9.958636116352968,5.97515192841746,12910.3179,-2163.2963,10902.76
10.067544873460898,5.999742252002454,9086.7532,-2146.908,6930.06
9.90147968840787,5.975529707461911,9908.4746,-2053.2441,7824.82
10.005929078650475,5.968834168623209,9409.7784,-1669.7197,7815.11
10.173521316740258,5.996451786494363,7518.8177,-1984.5028,5592.83
,5.999126491562645,9352.3697,-2110.4746,7078.31
10.041944458764744,5.991746243134811,10676.5496,,8550.89
10.020691275221761,5.999849333226196,10230.5011,-1996.2853,8211.61
,,,,
9.941136990416911,5.992604834083278,10401.3224,-2428.7828,7946.51
10.112874125786798,,8116.9235,-1884.7825,6132.59
10.013507356481519,5.993233027523303,8995.4713,-1832.7373,7205.28
9.879069809884907,5.995835008012223,8433.8338,-1881.3719,6634.29
10.069022803658918,5.995265842178979,8834.5056,-1621.5116,7213.34
9.952106034512443,5.999905639873309,9824.0202,-1905.6363,7857.84
10.035997294024666,5.995520172696004,,-2048.7574,9437.22
10.037683087314697,,11802.5233,-1876.5355,9968.11
,5.999394683842632,8257.3417,-1821.0664,6421.84
10.07890070956728,5.99803510579306,,-2004.957,8720.61
9.89941948271694,5.988126475420752,9863.8998,-1933.2511,8005.2
9.869792174651987,5.998884488876473,9309.8877,-2009.3852,7222.83
9.911831734122863,5.9892307714694075,8708.7664,-1711.17,7055.64
9.965397905213234,5.990990105067065,8582.7638,-1730.8425,6798.91
10.010940097403445,,8964.6252,-2032.0526,6861.92
9.922818461182295,5.999899416579393,12195.9126,-2142.9366,10070.11
10.07441308486549,5.996412896385004,11969.3624,-2005.4817,10169.14
10.025143768297228,5.999997302256686,11728.459,-2317.3692,9454.6
,,5968.0073,-1831.6628,4058.99
10.088782241592424,5.999960942561758,12641.8673,-1808.4365,10914.74
10.115846142757617,5.996994348139576,10616.6645,-2191.5089,
9.990131690494541,,11806.8048,-1816.3864,10137.7
9.978503351469334,5.994281522787954,9660.4058,-2030.5794,7480.04
9.823551528291757,5.996991833200051,,-1609.1015,8930.85
,,12847.1601,-1515.0949,11400.75
9.970853457088397,5.997394165818271,12129.6544,,10007.89
10.024535478374665,,8231.724,-2290.3927,5824.67
9.983158153130749,5.999878192253397,8473.4985,-1730.655,6839.11
10.02440027195351,5.9998210429966825,10917.9079,-1631.4735,9238.14
10.152808006809806,5.9965817045665375,10399.7149,-1830.1825,8452.89
9.947033387425169,5.991420317076082,,-1979.7515,6339.05
9.950922494487093,5.988916853111971,9884.1646,-1761.8074,8175.36
9.869457114315177,5.995154492325115,8683.4964,-2214.0469,6520.56
,5.998923554235465,11201.8404,-1767.0016,9318.58
10.097526032440877,5.9999740368235805,15066.8343,-2128.9763,12875.58
9.825786463278376,,8267.0522,,6252.97
9.933463495393,5.998989852915604,10905.7349,-1727.6915,9063.01
,5.9960429040796095,10859.4771,-1734.1565,9103.8
10.084907934006065,5.999610215454356,9602.7114,-2017.215,7584.93
10.038277670454468,5.996712021964056,9260.7133,-2115.6427,7145.88
10.03254061724805,5.992075364973679,9321.6622,-1959.949,7166.21
9.977570602451056,5.9999981067845995,7286.5976,-2165.3002,5073.99
10.04816877910831,5.998022370097917,6439.5828,-1745.4546,4621.05
,5.994000785328735,8350.073,,6159.26
9.82993150364668,5.9987821434302715,8829.1664,-2189.9221,
10.072789110477704,5.988640615707724,,-1812.6559,9782.6
9.990124179954828,5.988030589159401,7918.8715,-1916.3885,5950.56
9.947025921363531,5.994656951777356,8980.2087,-2108.7775,7006.84
9.758115477160707,5.99986770273835,,-2095.6586,10309.92
9.862402796833331,5.9973717694121245,11654.86,-2031.2081,9607.05
,5.998803638332456,10979.2734,-2168.711,8733.49
9.93119954056249,5.987762739135395,12330.7215,-1952.793,10432.33
,5.9871536668803715,16014.7691,,
9.954373250198204,5.996621690001509,9800.5514,-2316.0433,7500.35
9.925554215140972,5.995087627912097,11257.8077,-2071.2442,9146.71
10.012435542728554,5.999519961612225,9743.6305,-1702.4599,7867.25
10.151116224611483,5.999413791179372,9637.1789,-2173.8344,7598.77
9.941372043337857,5.992296883577927,,-2106.2976,
,,,,
9.88552777693055,5.999998787598114,10389.8313,-2009.5436,8353.03
10.151431826730494,5.997865391799263,13303.2443,-2264.2206,10886.4
10.01890321827395,5.997769126619829,10782.0046,-2144.9895,8801.72
9.892028978927327,,8343.6849,-2026.3944,6252.53
10.090307420022633,5.999827064807283,10035.7671,-1863.9805,8383.95
10.119710981029444,5.998897816454628,11337.9893,-1887.139,9260.51
10.016144934871594,5.999988842115222,10441.0419,,8721.61
9.836793663727311,5.994169213864887,6697.3158,-1938.1452,
10.177570220132571,5.999870576171842,10034.0618,-2182.1915,7807.89
10.031007281245586,5.998185064759917,9239.9096,-2371.6964,6849.13
10.116778366170854,5.997555694286113,9189.8047,-2270.7566,6999.2
,5.982983062241481,7449.2255,-1917.1637,5439.06
9.960148163646814,5.996426077896435,14134.5161,-1893.1851,12321.6
10.011045086344474,5.993735419591854,12063.667,-2183.7894,9810.07
10.111110269815462,5.9993545987854615,8414.2372,-1653.4329,6691.98
,5.987072359087959,9558.3769,-1660.2221,7868.42
9.874647246494296,,12750.5577,-2160.8008,10658.06
10.026195922697296,5.984301898520942,7013.5233,-1969.56,4948.12
10.162233203795942,5.992792138406673,13401.3918,-1772.8353,11817.73
10.006580580751066,5.993997120640696,10739.3178,-1689.746,8991.07
10.012938191381823,5.996295367322711,10972.8329,-1942.6042,9247.99
9.874080777793331,5.988464664841435,9681.6061,-2084.6973,7503.16
9.86016090734629,5.998999153492418,10901.1448,-1871.141,9263.87
9.936273997050888,5.998926090091426,14299.298,-1885.8779,12517.82
9.967354036908596,5.999229844089077,10221.5703,-1643.3137,8743.24
10.010405885696064,5.9867908178484015,8673.7133,-1834.0781,6702.84
10.016594935667893,5.99966199386898,8981.5536,-1888.1351,7004.12
10.15950653222731,5.998153144655248,,-1995.2526,10104.35
10.005868710156353,5.992824573849162,10564.0869,-1880.4628,8678.17
10.106241384960823,5.9997996469836865,,,
9.996067076674581,5.99935463199658,,-1934.8488,7098.09
10.144383940565152,5.999940464055879,,-1858.8316,11216.55
,5.997780080733378,10262.8309,-2308.429,
9.940162589121087,5.997051796613076,8451.3753,-2198.3796,6396.21
10.098145089624492,5.997768018455562,6806.5396,-2364.489,4442.49
9.982841241574732,5.992700941199373,7700.9012,-1881.0022,5776.81
,5.983200832728586,10831.8002,-1823.9316,9072.15
10.03849709497915,5.987484247172183,8316.1124,-2272.2079,6094.49
,5.998563211089518,,-2048.7944,4163.04
,5.998334953252218,8388.9913,-2188.1367,6217.59
10.06731395430251,,9706.7104,-1877.7507,8083.08
10.148692100515518,5.99825974032837,11219.4344,-2181.6195,9043.9
10.09848748496031,,,-2166.3245,3514.99
10.099217162320128,5.999101493646995,9898.5239,-1904.713,
10.002041874459707,5.99851385095395,11881.0783,-1522.7804,
9.941847804327084,5.999785533759688,8339.8389,-2150.9698,6251.3
9.93409180102355,5.996416903223146,8879.3689,-2123.5239,6697.28
,5.998934791469973,10405.7794,-2048.2285,8456.8
9.758563320208149,5.993996062473586,8113.8403,-1870.8593,6430.5
9.869654129040478,5.996151401956053,8254.408,-1950.5175,6366.44
9.903823522706068,5.9991627233604214,9768.9497,,7661.75
,5.9997902644798335,10357.0765,,8348.74
9.739882583169015,5.99987632820734,11182.768,,9114.59
10.12554001146947,5.995230228275443,10032.4438,-2207.9097,7913.8
10.059981498570119,5.9968418897871185,10005.3738,-1788.3048,8185.22
10.197158067674689,5.982796826307565,10504.9936,-2062.0732,8347.29
,5.998602698164716,8328.4076,-1885.0389,6553.74
10.102855707417946,5.9987173937071505,6244.8569,-2112.0411,4357.22
10.223172260728386,5.997926401650273,8277.8463,-1966.6413,6356.89
9.942935207661234,5.9533354494861825,9050.4246,-1773.9412,
9.850219919954634,5.990911079881582,8430.1223,-1691.6846,7030.64
9.97676635112203,5.999378092068798,7853.4528,-1794.711,6172.18
9.917594346006865,,12238.0949,-2168.9331,10172.9
9.974318287799438,5.999966877381186,8406.9825,-2280.7231,6158.94
,5.996690908981227,9278.6617,-1993.412,7235.37
10.05675748927038,,11183.639,-1888.0566,
10.05127578922712,5.999475070348598,10898.0046,-1645.2798,9233.27
9.997307744195536,5.999220943946067,8596.7162,-2004.6441,6452.36
,5.99512747442934,8301.8892,-1828.1667,6451.76
9.985795405008542,5.999976734825605,9866.2389,-1931.0673,7950.26
10.07513250084746,,8662.3217,-2231.3266,6402.98
10.00696401865766,5.999993811905094,9739.9098,-1858.5125,7912.66
9.973458554678098,5.99999486481453,8350.9448,-2013.7119,6329.55
10.092824624942697,5.999978033301224,10848.8972,-1814.3116,9050.89
10.12574834398704,5.999927259944181,7373.4375,,5049.56
10.133347003319201,5.999728132426608,9577.5213,-1823.8726,7722.0
9.901134302876256,5.99527149685659,10591.3544,-2012.0797,8578.9
9.946580718261872,5.988333332243911,10594.2146,-2089.7655,8430.4
9.83067020000764,5.997968703976995,15420.2558,,13738.08
9.976145761034378,5.9776723167665295,9546.5392,-1823.0936,7661.78
10.041600373221534,,10290.3706,-1827.0596,
9.986720272895642,5.999732532108381,,-2015.0185,7775.34
10.191887559624464,5.995530298545616,14173.3824,-2220.1115,12004.48
9.959426802570325,5.999455563360785,12116.1839,-2244.9634,9814.77
9.891363970528976,5.993360971899186,14235.9889,-2053.3724,12161.4
10.056819802469589,5.978075905166942,8882.2859,-2266.1654,6606.83
10.01499282110023,5.999998549604708,10333.5146,,8125.61
10.054936588615764,5.996912165474476,10102.7426,-1996.847,7940.73
10.030374120676019,5.995376648488127,7829.482,-2057.9797,5636.04
10.024374161960296,5.994163798109113,10699.6534,-1948.4579,8819.83
9.789359720536318,5.967717007462479,8120.8887,-2446.5897,5725.76
9.927452386681026,5.999954483195298,,-1829.5758,
9.941001788647537,5.999834635505801,9586.1837,-2011.8723,7402.74
9.96521058765423,5.999864734217338,7189.7372,-1873.4983,5390.11
9.955175859878265,5.997199735788683,8911.8561,-2061.8668,6790.76
10.041270151785048,5.999840019164639,10094.243,-2016.5101,8102.62
,,,,
9.887077284722833,,11810.3727,-1939.8926,9992.19
10.068626459105928,5.997003412170568,10186.1673,-2130.8124,8057.6
10.058543321065033,5.999636944334976,11829.0221,-1937.4311,9523.04
10.046560167601253,5.995015357831979,10346.569,-1815.7845,8593.26
,,,-1955.3747,6258.25
10.044043977637626,5.9999335999887515,10843.1263,-1595.5927,9094.46
,,,,
10.095940213855583,5.997810830538539,17032.2204,-1998.2842,14806.37
10.177490308174285,5.999998400126223,10601.8975,-1947.6025,8727.65
10.158140122589883,,9059.5316,-1953.2044,6991.87
10.011264179007307,5.986465689565974,11948.2094,-1860.3852,10166.6
9.999812530828521,5.997622924563192,11427.2822,-2105.345,9309.12
10.063152774465237,5.985953435100823,13412.5728,,11476.75
9.888726918544325,5.992997501750122,11557.0393,-2173.141,9444.96
9.855439973361436,5.99746938972142,6873.2924,-1958.9611,4629.85
9.952764523679226,5.9846513674213595,,-1855.7881,8088.52
10.121754052126317,,12743.1913,-1811.9158,10950.03
9.966893220986154,5.996613687252369,13711.9223,-2061.5843,11752.54
10.149693319995597,5.98822795573803,8406.4438,-1746.47,6616.35
9.724786964252685,5.991461259191887,9572.6183,,7578.43
9.841944939876354,5.998268488479022,11353.2619,-2227.2735,
9.987631442095664,5.9999879514606995,9198.9,-1964.2268,7296.88
10.088702718958174,5.99941626241368,,-1841.393,
9.993037746376077,5.998729490709781,11903.1779,-2127.722,9509.26
9.990434871411631,5.987741540037142,12131.1081,-2260.7848,9903.29
9.987826151193676,5.998584391832431,12414.6818,,10329.35
9.824621933438662,5.999935129626476,11035.038,-2008.6413,9005.52
10.11554820873116,5.990951061667216,8083.202,-2145.4074,5913.03
9.931776562792136,5.996975392766001,9727.5404,-1721.2759,8026.86
10.108737832968615,5.9925313167865495,8126.5093,-1824.5258,
9.992947716662274,5.999824911182965,9009.7427,-1786.622,7196.2
10.106613032022906,5.9954124341785375,11183.5391,-2245.6352,8877.69
10.03431905770668,5.9967113703606065,10334.522,-2044.6722,8224.84
9.989332753259141,5.996484861507979,14908.5033,-2084.6408,12679.04
10.022624234203938,,,-2063.1154,8283.3
9.853234305736848,5.999893626973548,10834.8785,,9176.44
10.000602932680573,5.999543547643722,9944.9069,-2101.501,7700.46
10.170763040455853,5.999957615631181,11602.0521,-2116.3384,9645.2
10.130446541596674,5.998835821065132,,-1781.5908,11718.39
9.901656854515453,5.998567951685415,,-1628.275,8781.41
10.050547035711654,5.999911118882518,13280.5652,-1727.2573,11671.43
10.024795447006099,5.998680265623123,9804.5039,,7595.38
10.081627905771734,5.997656017077714,12269.5334,-2395.4153,
10.009415149445624,5.9995289249798525,9843.267,-2142.5438,7721.15
9.97665172256223,5.999734363828092,9794.8516,-2013.8922,7797.69
10.132670760789562,,,-1923.5362,4365.58
10.021637967982604,5.998601169676886,6722.5426,-2089.0486,4475.72
10.125216883493861,5.99990923249645,9759.161,-1758.8109,8026.02
10.097284508510818,5.999757517053764,11563.7536,-1872.7364,9730.62
9.967556969865145,5.9972323660539395,9914.5714,,7860.84
9.983300748801119,5.999952701551661,8383.6016,-2270.7141,6232.97
10.19178760788719,5.997969414981272,,-1756.1829,6360.92
10.019147062433516,5.998691591870511,11562.3004,-1996.8144,9642.26
9.92420990399723,5.992246488755827,8060.3925,-2342.9972,5791.55
9.880283496036474,5.998882579778142,,-1742.5134,9833.05
10.097259252042864,5.9989161681576455,11441.4078,-1608.9747,9914.17
10.016028685685244,,13219.8223,-2032.806,10948.49
9.920873606657514,5.99649850233355,15528.3868,-2192.0424,13361.88
10.067407331473678,5.994020583866664,9504.0419,-1765.2935,7660.62
10.015974190059248,,9772.7162,-1701.7547,8082.05
9.834714479105727,,13099.94,-1846.2672,11372.73
10.058834559798784,5.984684150042355,,-2401.6673,7563.18
10.132924486154725,5.998151883552724,7120.21,-2116.2443,5061.09
10.253198456770829,5.990640837729128,8523.316,-2169.0588,6452.61
10.003490249319885,,10789.4407,-1874.9261,8866.49
10.02326286715058,5.996640137053653,,-1693.5749,6081.51
,,,,
10.016871426196527,5.998596560350014,12771.0814,-2018.9578,10704.42
10.027530707351263,5.989453694242888,8225.3073,-2283.8292,5973.71
9.936979949887032,5.9969434359574745,8369.8469,,6039.68
9.861013892738493,5.999905812405359,10275.034,-1987.1283,8346.73
10.091142134949665,,9169.4903,-1701.4962,7332.67
9.87298698170092,5.988408871657299,9795.6131,-2086.5227,7845.85
10.113818434486287,5.999915602346213,11407.6103,-2104.2128,9267.13
9.921265020826715,5.9971283906838355,9612.9852,-2206.3074,7452.11
10.02652028612293,5.998210189154811,13058.2766,-2242.6341,
9.96278142489174,5.99835419116743,11808.8291,-1796.9828,9935.59
10.117190113529725,5.999762067747283,12148.7182,-2038.6062,10100.68
,5.998076251695559,7826.0407,-1823.7579,6157.7
,5.998388099816791,,,
9.891844211690408,5.991255356852556,9962.944,-2059.7405,7819.46
10.04137449457111,5.996561230342174,,,12037.94
10.00473417040654,5.9971017720908355,12579.3292,-2220.401,10365.3
10.02799070081386,5.999286781108688,11545.1548,-2192.9736,9363.78
10.158915520305616,5.992958291078952,12648.4434,-2013.3625,10551.45
10.058498387347784,5.998859075912642,7905.6246,-1989.7329,5973.68
9.88549913972848,5.994130389802293,7326.3798,-1930.3603,5416.13
10.053325776234335,5.999999522620935,12769.7598,-2011.781,10764.86
9.958450026995836,5.988031865806628,8822.0509,-1976.4587,6877.51
9.952682178053815,5.999902131260787,8461.1464,-1986.4093,6354.02
10.104395174201231,5.999154002175871,11254.6532,-2171.6805,9106.84
9.939802417932336,5.995720610092732,,-2077.0483,7430.7
9.962036092460854,,9757.6903,-2256.301,7612.82
10.003240719767877,5.998386522791948,10695.1088,,8686.42
10.094477471238745,5.997406303762686,10352.5167,-2165.2138,8252.61
10.058126199025542,5.987542314866904,7011.2459,-1880.1938,5129.75
9.97656065561284,5.991943535965345,9084.1049,-1883.299,7296.53
9.972785713780178,5.999934141729082,11501.3987,-2408.9217,9340.53
9.884247095355807,5.99746072557789,8673.9294,-1821.0714,6883.7
9.924089585087756,5.999726066561817,9366.4978,-1852.0554,7457.66
9.934608584009354,5.982985384553294,9427.742,-1966.4601,7478.95
9.985071460379817,5.998177022114157,5547.6074,-2426.6096,3171.0
10.19737184663627,5.9905068674306134,10204.2309,-2363.031,7789.32
,5.99901779937858,8815.2845,-1829.0118,6961.66
9.970421407926095,5.9997017424608545,,-2090.8209,9079.38
9.79619802747865,5.957669210914088,10525.9095,-1929.7194,8743.89
10.060021013046537,5.999943925875896,8473.6259,-2553.5929,
9.842908513211135,5.997783855493246,,-1892.3979,9110.66
,5.999855359927031,,-2135.3073,6812.08
10.10404489621004,5.999829009693748,8672.3785,,6403.29
,5.974530457782652,7290.7819,-1792.9465,5371.45
10.009591894150637,5.993673603235268,10896.7892,-2060.5545,8858.63
10.080007360961917,5.999982366675096,9699.3894,-1917.128,7702.28
10.151953498530364,5.96672314030219,8995.6612,-2159.0265,6749.18
9.908120454951689,5.997975842834067,7113.6514,-1598.8232,5573.83
9.9376380070335,,12319.6654,-2150.2714,
10.179466020674015,5.987597009512489,9443.149,-1830.1082,7546.92
9.997493988164846,5.999206778890876,10692.5654,-2093.6712,8241.87
9.926440108100122,5.999937939356714,10620.2323,-1958.3554,8524.98
9.928312959028414,5.999981520950461,,-2028.1823,5242.22
9.902897613111719,5.999313796173519,11422.1833,-2039.9455,9539.58
9.956046943714725,5.999608014649374,9496.6451,-2050.3861,7415.56
10.108607392018898,5.994252867371522,9599.0258,-2169.5647,7318.04
10.088660040497786,5.99926532250738,6495.181,-1910.4173,4755.15
9.882842652705422,5.999999816338736,12603.9284,-1943.4284,10526.2
10.021456960660949,5.989804656789785,10206.8596,-2000.8761,8221.84
9.959794865996203,5.996781139712979,9572.9955,-1724.5777,7764.92
10.078164228149388,5.982326079054835,8658.9803,-1822.1564,
9.984364664392544,5.999539341985061,9883.4887,,7654.0
,,,,
9.984140144264286,5.973622503587542,9836.5885,-1777.7748,8038.92
9.783030839278117,5.988456467854822,10965.2889,-2013.5221,9035.27
10.00470022723035,5.9994246740642145,7931.6556,-1984.8956,5885.48
,,,,
10.07464335261071,5.999757824128039,8501.7265,-2083.4824,6376.27
9.932069564212691,5.988960937209866,9293.9772,-1814.3074,
9.939535637475148,5.99620897285944,8030.5877,-1944.0638,6025.78
9.999109717616376,5.998363218006441,9855.4788,-1861.5406,7899.97
10.057747251769117,5.9813843489567455,9469.7143,-1955.8355,7375.93
9.98302643334542,5.999517781827611,6584.4298,,4447.82
,5.996020871082466,,-2199.4949,9188.98
,,,,
10.17070670693236,5.99843442373198,,-1876.5364,5975.18
9.97657027170719,5.979580832287952,7191.7265,,5141.47
9.852346005447808,5.996646847383149,15077.7464,-2308.3925,12824.18
10.121705376874765,5.999890416828811,9040.8318,-1627.1452,7347.11
9.958377498878525,5.994790219288621,6191.8962,-2115.8806,4078.63
10.00381662193427,5.998961827889697,7297.686,-2006.0952,5173.38
10.062790676432808,5.993005426942118,10160.3628,-1945.6354,8193.11
9.84024383551574,,8575.1687,-1654.4985,6950.22
,5.99944249419379,9512.2579,-2155.5518,
10.08738463641019,5.999999171799135,9911.2448,-2150.5898,7850.6
10.0352198727865,5.999801015668183,9932.3373,-2185.362,7850.0
,5.999509029916305,9921.7066,-1943.2351,8130.95
10.055666464311164,5.999835995547388,9647.0019,-1875.9508,7633.06
10.011682545797957,5.996248812691341,13488.9424,-1953.4739,
9.969227426544238,5.99993203242976,9296.1135,-1618.4219,7833.51
9.926153056942164,5.985754621839118,12335.3998,,10226.17
10.02871747943773,5.998652323663934,,,8590.91
10.036112452270425,5.9890928781966775,,-2343.9809,9672.57
10.10810818142955,,11149.021,-2462.8046,8597.43
10.020064654321912,5.997737650318772,12405.5262,,10469.13
9.914783325827264,5.992285714327031,15726.4498,,13866.13
,5.99299681205013,9835.2712,-2219.2679,
9.987244129747012,,10909.0115,,
9.997254165781472,5.99849641546236,14152.4426,-1867.3131,12355.01
9.990190999025408,5.989610271884078,10480.8056,-2049.9894,8392.22
9.84754554082862,5.994446477209492,5411.9196,-2151.9424,3125.46
10.107239892774784,5.989354843851108,9122.1774,-2002.6316,7128.86
10.10705740997921,5.996314906269524,,-1589.2342,7892.46
9.917764455594563,5.985120345786967,10268.1621,-1826.1631,8550.86
10.080510977541834,5.998160149569309,8753.0211,-2075.8634,6778.0
10.095138974545186,5.989128996496378,15171.7598,-1808.9911,13441.23
10.003844698192841,5.99692973998014,14844.3044,-1933.9135,13087.43
9.905292292829023,5.999198088428083,7007.4119,,5060.87
10.160639125248359,5.999767732390133,8235.8692,-1920.5862,6507.88
10.038082932023237,5.991848987727907,12228.1313,-1919.6288,
9.974898891117581,,8437.6437,,6157.27
10.077207627068631,5.980791478551064,9193.8209,-1936.0584,
10.161510294432759,5.994796225079634,8485.7022,-2057.7752,6436.44
9.950304463164258,5.998473900720405,13015.4957,-1997.6065,11053.63
,5.999506010356339,9856.4332,-2174.1036,7712.05
10.193095469832524,5.990153636821932,12668.0686,-1910.0656,10827.41
9.888575378728149,,8876.4732,-1947.8736,6938.18
9.945102253386942,5.994742259026615,11658.5796,-1993.7603,9550.57
9.940250100869388,5.9999883978812525,9479.5789,-1934.6783,7618.61
9.984167947763906,5.9999578130602735,10388.6928,-1916.9534,8501.61
9.979004169298516,5.995068448163396,9160.6778,-1803.4722,7325.49
,5.996575373724038,9487.4242,-2276.4861,7130.41
9.918054438000055,5.9999014011803675,9818.2672,-1652.5832,8234.73
9.93777387877103,5.999217650240666,10506.6558,-1974.6135,8439.77
10.030124490283207,,,-2064.3112,9505.29
10.015490566393154,5.9998644200511375,8185.99,-1809.3083,6181.76
,,,,
10.040924070742012,5.99969539441206,12681.307,-1655.7338,11119.39
10.077108048798783,5.99933270191417,,-1946.6279,12551.33
9.885953480763813,5.97623857002452,12016.1945,-1792.2338,10118.85
,5.999500145493197,12788.643,-1980.2365,10974.99
10.183787290614399,5.997312512309257,9270.3404,-2054.649,7268.93
10.039197760048253,5.997216936609696,11269.8934,-1848.6739,9347.48
10.074669733769893,5.9999529906341404,10886.5572,-1687.768,9230.86
10.027270092647816,5.998608384148676,10352.7549,-1744.4825,8582.56
,5.995269973739154,8373.1548,-1856.6351,6331.56
9.976911646632095,5.989531775063159,7023.2848,-1818.1323,
10.349612922167884,,12641.4788,-1782.2039,10798.53
9.960394769032328,5.999819097543491,11623.6836,,10013.34
9.996167887604896,5.999999798014228,8725.8786,-1762.4406,7088.4
9.759885662571689,,10718.8466,-2380.8548,8239.06
10.110401157493898,5.994707270050313,9108.2132,-2123.9893,6838.66
9.944802772074228,5.999674798774262,11947.3903,-1830.5329,10075.87
9.993920626847158,5.9981414975451255,11088.6385,-1841.4399,9327.26
9.94722048013593,,13340.732,-2387.0157,11019.84
9.98613215001548,5.998006987705774,10262.2101,-2038.9143,8389.47
9.971579117694299,5.999846439269557,9837.7957,-2306.5753,7545.85
9.995695835711748,5.99999929101302,10085.2466,-2243.2869,7697.92
9.99471987626964,5.989965874638986,16382.7813,-1977.0984,14371.92
9.984580079992643,5.997695244264715,11426.5517,-2115.0079,9185.06
9.983213065874947,,10226.1844,-2086.0352,8243.42
10.130478752755657,5.99998894973011,11892.6495,-2074.7791,9869.95
10.088027608118736,5.996768206834451,,-1939.1979,7540.73
,5.999963304461742,10729.3448,-1823.658,8895.5
9.926820585186151,5.980338960486032,12138.665,-2177.842,10097.09
10.125351465675925,5.99596348375375,5498.6015,-2022.7972,3611.62
10.11292307123022,,,-1929.3681,5583.1
9.944687810059781,,7668.5838,-2047.9444,5577.95
10.151796123622555,5.994812962803666,9336.7976,-1840.9247,7595.24
9.931730548010382,5.9999617985701645,,-1979.8084,7269.79
9.816836744272626,,10933.8707,-1748.4298,9096.18
,5.999745050059155,11389.3714,-2201.424,
9.988048406504054,5.998971194009212,13166.2248,-1489.499,11664.16
,,,,
9.924651264387153,5.999584807954651,9231.2401,-1707.6728,7694.83
9.874157535422464,5.998503950003708,9077.0016,-1759.7946,7304.83
10.122875852606057,5.988781297685662,8293.1587,-1650.4845,6618.21
9.859737177506458,5.987476768259321,10405.4361,-1828.8133,
9.844530167599622,5.999658900497083,7710.8539,-2128.0607,5596.03
9.808629082474607,5.999992714553015,,-2580.2129,9835.46
9.724175636407024,5.987925537451322,10541.2493,-2136.6544,8407.84
9.896276454148367,5.999970600671288,11706.1207,-1772.1094,9767.14
9.784756862973257,5.972378990824184,13504.847,,11448.18
,5.997512114875817,5980.023,-2193.1229,
9.778217871949948,5.989093244936642,9735.4376,-2231.2576,7609.83
9.89079091412496,5.99218288705366,8840.3554,-2221.0824,6734.96
10.231098115242226,5.9986256299271465,,-2083.5134,8852.02
10.034505573135197,5.986128186023828,11756.0661,-2018.3415,9616.28
10.005280542999904,5.97898396058944,10881.7818,-1681.8941,9296.39
,,10275.2826,-1930.8343,8432.23
9.975442702332737,5.999952865038167,9667.185,-2106.0631,7479.6
10.004810837756335,5.9927703629127445,11942.557,-1912.358,10307.27
9.840170352494592,5.9999682326730515,10058.574,-2147.2368,7970.01
10.012617733258425,5.999710497119729,13684.0046,-1687.7739,12079.11
10.118841712155069,5.999878478129592,9009.9254,-2289.0065,6603.27
9.965181227362383,5.998741162176713,13990.9063,-1870.266,12328.43
9.980277641955647,5.999311178274084,7776.8605,-2257.975,5534.29
,5.998622044288558,10555.5243,-2072.3322,
9.860532749321017,5.9919065360258745,10161.5133,-1859.1402,8292.81
10.105572409836789,5.996120182371907,8644.9969,,
9.933893179308704,5.997826646643419,7475.6435,-2030.4494,5303.45
9.90716271351844,5.999995622690831,11949.401,-1968.4237,10068.49
9.930797043840625,5.999402653167624,10001.9549,-2298.1504,7749.15
9.994253418928798,5.976846377635191,,-2289.2711,9557.92
9.884417320145229,5.999621788419122,13888.6655,-1878.903,12121.54
10.01265131308687,5.999848025253322,11400.1664,-1631.791,9767.81
9.864418094498348,5.997445815441445,12019.6231,-1821.5546,10349.91
10.077322742548192,5.995150016796331,9257.2808,,7246.52
9.894491165509072,5.9999992916559775,13063.4813,-1788.2232,11101.18
,,13299.3322,-1959.4443,
9.998996734892566,5.999999997693677,11176.5552,-1807.0398,9415.62
9.915536309894188,5.998484705790162,9570.2538,-1908.1115,7857.47
10.091019912465951,5.998854450303607,10108.931,-1963.7748,8082.55
,,,,
9.945320719124341,5.999999926537249,,-1914.1551,9149.7
9.999992447338938,5.999956355621466,9988.8029,-1916.0613,8096.77
9.987883616151937,5.9992692477912035,9435.4309,-1834.2042,7623.6
,5.981544394491618,9669.6512,-2013.0452,7521.96
9.908065345775563,5.999994195285443,10011.8154,-1922.341,8185.59
10.016822640669918,,12607.7366,-2089.3847,10515.98
9.868393743918514,5.9988467115982,8230.4927,-1673.821,6787.19
10.126304675570799,5.978236416497443,,-2089.8712,4538.79
10.049497854627782,5.990423712827002,,-2101.7923,
9.94859862249299,5.9999717267853825,10460.8068,-1978.4046,8422.29
9.9779725351805,5.997403652505998,10569.7121,-2322.553,8119.03
10.185083089931924,5.999910321886748,12487.5675,-2163.4159,10322.27
,5.9999982957423486,15590.2319,-2310.2249,13383.74
10.038012753984075,,,-1657.1101,8074.39
9.858920360532382,5.995816814690368,12238.3264,-1906.0773,10458.84
10.162240814034014,5.999808930337464,8878.6959,-2095.4817,
10.105045950319234,5.999976242200895,12334.1471,-2183.1964,10264.69
,,,,
9.945057872421584,5.996196878320254,7758.4808,-2311.8466,5573.9
9.981210711851409,5.999797329066212,10670.5649,-1984.9989,8534.86
9.880095519608362,5.998224257833007,11079.8143,-1723.1982,9287.6
9.952938833045415,5.999357120788944,10796.1938,-2113.3615,8613.94
10.07624199376067,5.999980822849334,9464.1042,,
9.8202206640858,5.999924121126645,13176.192,-2251.378,10765.98
,5.991083255445504,12421.899,-1821.0829,10589.32
10.011375351947867,5.985785778386046,11436.1892,-2130.2986,9421.31
10.010356618582357,5.998900652957881,8666.1513,-2179.5778,6559.07
9.882379214110784,5.994808543596257,9240.5775,-2337.5714,6906.5
,5.9985267601947765,11723.5628,-2119.6685,9755.22
10.108701323196636,5.9991175994192165,13716.3001,-1829.1332,11930.25
9.877852885775251,5.9965343381454455,12183.8272,-1864.4382,10346.92
10.10069415293833,5.999167326900997,9652.4255,-1998.2301,7626.82
9.951782172142307,5.995824315187803,10333.8659,-2103.7142,
10.107769924070857,5.999269088734928,12640.624,-2131.7797,10670.0
,,,,
9.883617215603481,5.994652335078946,7402.1818,-1915.6019,
10.085550783639846,5.997967272836454,,-1966.3757,10281.91
9.998260878653657,5.999459296095784,10291.7076,-2006.8916,8291.08
10.144351580524418,5.986717292214336,8221.6882,-1927.9378,6279.96
10.0891016872839,5.999944141179531,9640.0617,-1832.5722,7860.1
9.977059349758095,5.9974197948609955,9326.6221,-1870.0281,7383.43
9.955048392171236,5.989013042572238,11049.8768,-2385.3427,
10.002337232200805,5.999543522479386,9767.4257,-2055.9718,7627.24
10.019019854844986,,10906.701,,9068.41
9.911939359961071,5.990132639561951,13437.4939,-2000.9897,11241.52
10.084094522689128,5.999739244535843,10404.0092,-2109.2806,8469.73
,,,,
9.957709841332667,5.9948668062693296,9015.7888,-1632.7776,7261.61
9.945957506899765,5.999704254897679,9086.3308,,7359.84
10.023099671929934,5.995438843916771,9800.6848,-1971.9239,7722.54
9.930849968177636,,12162.4078,-2066.8211,10032.84
10.013496601212575,5.98575548264278,11655.3001,,9724.01
10.273144483344883,5.999655754694378,7272.2751,-1800.5583,
9.99463907967153,5.996782128807927,14114.0651,-1917.4042,11988.9
9.956613149750584,5.999456615221435,8942.1321,-2200.8318,6783.02
,5.999999131616821,8947.6675,-1977.4058,6908.94
,,,,
9.889304230831058,5.997506506533465,14549.3373,-2207.0003,12352.08
9.962453015843945,5.999072500963212,11327.759,-1957.7688,9554.33
10.015160178591442,5.999441184983701,10472.7765,-1864.1721,8434.11
9.827764195220949,5.999998034799373,8874.0525,-1876.2783,6977.4
10.015745624545728,5.988179741647061,10368.2845,-1720.3684,8657.64
10.030446811504547,5.999484022830514,15083.9734,-2256.0028,12960.91
9.870653413826423,5.990302230322599,,-1937.9249,9779.67
9.960779143168653,,9137.7158,-2087.1229,7151.2
9.817954182421612,5.998935995166862,9328.2428,-1815.4614,7438.68
10.156899116461327,5.998911717631156,11250.6915,-1783.9068,9547.76
10.033050307761007,5.999013851277402,12022.3462,-2255.4169,9874.55
9.982042115235467,5.999988974776069,7837.5681,-2059.6726,
,,,,
10.11290310959613,5.987709673554294,11498.8773,-2007.3503,9522.24
9.990583583970686,5.999936040791981,12681.2377,-1998.7884,10695.21
10.03307564337439,5.996268035253546,7736.2866,-1726.7842,5891.42
10.151279909136205,5.998030295419023,15146.4379,-1889.074,13293.68
9.965390198418202,5.999997811253245,9205.6157,-1777.1694,7421.41
9.890953745279274,5.9907482198978395,9143.0081,-1796.1449,7341.43
9.91764332685731,,9025.1961,-2198.9369,6835.73
10.142380876241521,5.99739392552492,11209.8266,,9229.7
10.009142703475,5.9994649330473075,8232.7647,-1797.7215,6379.29
9.94978799461295,5.991396657098336,13775.6752,-1710.3794,12125.73
,5.998879771065341,9102.0195,-1837.6338,7159.61
10.099630173589652,5.998173851357136,10253.2271,-2330.8666,8117.21
9.952453156335817,5.998481102633708,7885.5349,-1898.9497,5712.47
9.90295926920152,,8983.4627,-2000.8902,7063.13
9.843591977974393,5.998730204688307,6378.53,-1846.8431,4618.53
9.821571694626591,5.998032262391974,9942.6656,-2128.4528,7783.45
,5.999452637449756,9794.7789,-1970.1714,7705.23
9.910799123068827,5.995003211207814,6787.5961,-2051.0509,4743.5
10.18477944783729,5.999298611425665,9633.0952,-1732.6416,7804.28
,5.995412859965086,11033.563,-1864.8593,9136.57
9.80700369189714,5.99944404091766,12892.6186,-2037.722,10765.97
10.141397471632093,5.979315650913752,8266.5333,-2112.396,
10.016170326157502,5.985250011984026,6694.4394,-2072.8116,4614.39
10.070439567208455,5.988244513886835,9756.0405,-1652.5381,8219.25
10.068150612797607,5.988808701940544,13910.99,-2027.2489,11878.82
10.029651310102485,5.992528556977654,9369.2536,-1582.6447,7609.72
10.052310376813207,5.999963191474298,9079.659,-1951.7196,7144.74
10.023873798746289,5.998972577032742,,-2218.4585,10206.55
9.889586990572115,5.995873524358119,9255.9345,-1761.7885,7481.48
,5.995696037328751,9288.5765,,6767.26
10.102211736824918,5.997676944067132,8684.2444,-1966.9659,6683.52
,5.998940764187207,10231.7429,-1521.3691,
10.055102299456737,,9964.8815,-1650.2821,8409.07
10.041946603805494,5.999996466392358,10327.9153,-1702.8015,8510.65
10.180569271934012,5.996206745933188,10206.7811,-1795.8598,8311.41
9.97472766090662,5.9999121306468615,7127.6132,,5374.62
9.970803733238201,5.996078992689622,11339.7941,-2153.9967,9311.85
,5.995884210239111,7409.2905,-1826.8061,5486.54
9.989761071398876,5.998642385752553,9407.7259,-1911.3992,
9.77468944927483,5.998935522867978,12659.4346,-1713.8166,10899.81
9.935783234067227,5.988355330845373,11226.228,,9534.35
,5.9943694820263,13298.9779,-2078.2038,
9.999174348627022,5.9905761847287184,9063.5298,-2277.9581,6647.91
,,,,
9.93357102844106,5.994288929801511,12489.4591,-1686.5637,10831.87
9.964446181877074,5.996903095621664,10303.2022,-2273.8888,7972.03
9.919928631640039,5.995561252854671,14585.4148,-2032.4289,12397.06
9.948717443603316,5.998994400284783,8243.6993,-2378.5082,5830.48
9.946087139427403,5.999956205648216,11520.3765,-2121.3085,9430.43
10.089417497787101,5.9822948972297,11312.6291,-1913.8234,9555.07
,5.993556828858645,12524.5546,-1995.3981,10562.02
10.093222952668965,5.999962860585641,,-2156.145,
10.042657232515456,5.997862243919791,11471.8691,-1690.1336,9782.12
9.92922696671569,5.99999638564475,10354.9929,,8254.47
10.095835734987071,5.986424764870949,12071.8546,-2369.1603,9558.97
9.968580113313285,5.976503568779985,9095.1565,-1598.6944,
10.002305218784274,5.9980796561829095,11955.4922,-1774.2817,10321.96
10.133422988842229,5.989588896499411,14130.0796,-1925.4904,12334.73
10.008399186854714,5.987578100156718,8667.9701,-2180.9355,6214.72
,,,,
9.859191554502074,5.9992993307532885,10904.5308,-1962.9021,8897.94
10.048681680340268,,8223.7495,-1957.7679,6238.68
9.902156128483076,5.996537477758353,10226.6011,-2275.2866,7960.53
10.101021345987421,5.999893396848183,11896.3571,-2187.5645,9575.93
9.981541130691454,5.982719254426514,11605.2143,-1891.0306,9686.17
9.778242103970191,5.998015745661722,8353.1757,-2240.0793,6086.7
,5.9999985543912295,10573.2316,-1767.3756,8985.04
,5.99981082926807,10982.8186,-2065.2241,8788.97
10.048528454886803,5.961277009881024,11935.0401,-1759.8301,10182.83
10.067001008096916,5.998702864226132,10115.1523,-2102.2755,7831.19
9.967229443798692,5.999997826176351,8917.796,-1852.8831,7197.56
10.101113724384097,5.9933717868151435,12370.6574,,10392.0
9.688562365689657,5.982260238773285,7971.7524,,6342.47
9.928661747656635,5.995967505393077,8771.708,-2118.1769,6620.95
9.888992829148297,5.995903575650436,11603.8774,-1572.0853,9892.69
9.874910190592699,5.990555719897974,,-1698.9406,9000.97
,5.985756973304489,10306.046,-2121.6107,8214.53
10.082822060195957,5.997978954030335,8463.9345,,6264.39
9.922500786753654,5.986137273262167,11917.5359,-1915.5979,10013.43
10.117533401236582,5.988947596114766,11190.3867,-1835.3714,9340.28
10.010146515136894,5.997676665429237,14291.2234,-2182.1413,12266.89
9.957844085945514,5.99991363644696,11449.7655,-2232.8751,9307.92
9.93076315727537,5.999544565696106,7423.9919,-2335.0196,5169.55
9.92225137098594,5.998172841204047,10211.5941,-1682.1329,8552.62
10.047259875583785,5.999699933993147,,-1992.0421,7839.83
10.06496969621238,5.999517071007792,9688.7824,-2341.0955,7293.08
10.023847860179185,5.9992028220338875,9606.1819,-2043.9389,7466.78
9.796411528200151,5.9997846439892895,10332.2494,-1824.3698,
10.029631527675408,5.993827836966764,8576.4058,-1907.4581,6555.96
10.056509537523203,5.999773501167935,7073.3674,-1609.307,5453.64
9.933129377346383,5.9999762282547096,10833.4251,-1947.4448,8760.83
10.004325040805702,5.990457594410388,12309.352,-2047.6447,10231.7
9.814688906101008,5.999640503577722,10941.8377,-1929.6419,8963.73
,5.989752432629677,10599.1471,-1682.96,8977.39
9.967582145943267,5.9977172577179525,8522.0574,-1856.191,6547.37
,,,,
10.035160688434038,,6451.0628,-2198.3477,4290.14
9.881585953578968,5.9999765413922805,14486.113,-2017.7666,12566.8
9.965886013777327,5.997931929640443,8922.8537,-2249.2389,6614.48
,5.99956376517445,,-1904.0717,9581.23
10.052776516365718,5.997546865756872,9105.7054,-1905.9607,7174.09
10.141626492743757,5.9991886618732675,10216.8639,,7993.43
10.171243852193951,5.99660071511242,9326.9359,-2147.0236,7239.39
9.843798266324995,5.998560874404473,6395.7545,-1821.3968,4625.23
9.995198599273287,,11296.0273,-1996.5054,
,,,,
9.993525550085437,5.971996881466933,7832.7908,-2106.7164,5742.72
10.042279321814751,5.995121320064724,9051.5935,-2148.1435,6906.85
10.008148999676967,5.997238820963024,,-2047.3824,7423.14
9.995098849742744,5.99747232283684,10715.8012,-2223.5939,
10.147760880988672,,9004.1052,-2103.3088,6764.71
10.072036490600894,5.995498276740394,16085.311,,14300.14
9.972737931930128,5.999684815453098,7157.4344,-2115.3543,5070.7
,5.99608847837355,9358.5417,-1673.6352,
10.086979731795498,5.974357156710513,10994.6795,-1798.5527,9310.4
10.06094126642583,5.99651979611667,12294.8159,-1810.2925,10549.73
9.95750518961863,,11297.4797,-1919.2241,9463.22
9.823406690200173,5.999950565937274,11764.9573,-2130.2633,9521.31
9.88181115037735,5.994968796341584,8661.6547,-2206.5996,6520.09
10.01459740403893,5.989636081269073,,-2216.0291,8993.87
9.822296135766836,5.981379101323736,12775.3391,-1947.2302,10733.94
9.98476114006192,5.98121685327788,11009.2182,-1507.7477,9605.33
9.95465863253458,,15362.8115,-1892.9936,13326.57
10.099759069960179,5.999900290169633,9881.57,-1687.6037,8031.92
9.868576912604723,5.999969501100654,9350.0424,-2017.9541,7304.14
9.808022336134034,5.964448183934465,6854.5184,-2103.6864,5022.63
,,9139.0027,-1828.407,7327.77
10.063433694838222,5.972529341514075,,-2086.5479,
,5.998399589043065,11873.4905,-2046.1559,9840.46
9.909192563267428,5.989913989816417,,-1968.5373,10937.49
10.047009043695489,5.995057019687117,10445.4741,-2202.8728,8326.15
,5.995600016129826,8894.3324,-1936.9104,
,5.986302279643457,7536.8368,-2015.7681,5572.72
10.05672900110185,5.998738267669285,9638.9528,-2248.6131,7177.14
10.07175334032056,5.997964650049384,8051.9037,-1979.22,5959.68
9.900228199249769,5.999375148790913,9604.1436,-1845.2156,7922.88
10.047471983795312,5.993829431616147,7416.8046,-2149.644,5430.51
9.814235368573867,5.995548469485043,9303.8526,-1525.4986,7685.7
9.979735496476547,,8776.1245,-2241.6286,6607.95
9.8868182461704,5.999962838075804,12142.5152,-2162.1324,10077.27
9.91931785824871,5.982786960703326,7797.5791,-1870.7864,5982.88
9.872738304662244,5.996912397990099,6912.699,-1975.6709,4930.69
10.055334362584356,,,-2180.9805,9255.22
10.055359132068546,5.9999997957192805,13238.5509,-1845.8558,11558.2
,5.999500873660506,11606.2918,,9318.19
10.0375494011976,,9717.6881,-1836.6946,7975.93
10.0261242828585,5.999808451501601,8356.4177,-1742.7141,6721.44
9.987155177802922,5.998116704607566,9585.2758,-1857.7941,7693.46
10.214145566217883,5.988188359820187,9225.7967,-1949.3771,7306.73
9.916011197558735,5.998793861222737,7742.4373,-2119.0779,
10.001430508583425,5.98262210960933,10026.454,-2175.5708,7760.46
,,,,
9.962830562540848,5.999928761045669,11782.0022,-1833.9537,9987.3
,,,,
9.970564682285158,5.995107065428639,9886.0849,-1947.9209,8091.1
9.91406345192563,5.999947672571809,8137.2814,-1578.1872,6445.32
10.012422430275556,5.992023351156272,,-2067.3293,10335.55
10.117957891979996,5.999895900862647,7332.4077,-1901.8395,5223.89
,5.999845984705729,6173.0064,-1911.8781,
10.020303053714935,,9875.3654,-1853.0852,7903.2
9.926526585503467,5.999668615952315,9171.5024,-1638.2983,7627.65
10.01864188013431,5.997600402793501,9303.5805,-1737.5903,
10.108251755929249,5.999879765655829,11502.8387,-2156.526,9185.69
10.118837423291343,5.987174995622949,11107.5824,-1943.2349,9084.15
10.03596095071924,5.995765181232077,11372.5094,,
,5.99970268817608,12300.294,-2059.5191,10231.23
9.979726114177721,5.998185291544174,7624.2378,-2370.9938,5219.38
10.077127918626946,,13804.0698,-2260.4055,11515.49
10.068580747863724,5.999031283319031,8365.8803,-1924.4252,6284.31
,5.99477521017286,10628.7677,-1547.3823,9225.13
10.065814151269583,5.970855036768544,14098.9693,-1892.5037,12316.83
10.071068872024247,5.999570364401304,13523.0505,,11966.43
9.911397197707558,5.997928764945079,13026.518,-2429.1479,
9.923576477211746,5.999992554402331,9956.7802,-2223.6914,7766.29
9.924355916163465,5.9998031420611575,7295.6806,-2148.2032,5287.35
9.932026173726271,5.998509116857809,7975.7914,,5786.35
9.858798510957442,5.996700599923772,9376.6386,-1791.1165,7571.11
10.03130407798529,5.999601298117059,8678.4992,-2199.1877,6280.48
9.92150887980178,5.997358993922997,8616.1757,-2175.7365,6455.84
9.992961674502958,5.999966407915004,9533.8674,-2128.2367,7409.54
9.950263650060307,5.992477245210031,8761.8862,-2437.2005,6275.93
10.025514982891648,5.999611342754741,,-2077.3834,6973.09
9.89911024030702,5.9999016434424295,10185.8652,-1908.0392,8310.84
10.024524078569579,5.9996348302389,8116.6072,-2040.4565,6209.74
10.03896823248849,5.9935937842905975,11487.9257,-1984.4961,9399.18
10.082665019179938,5.999999915806154,11982.5265,-1951.8006,9974.66
10.195509460519077,5.994632071281857,9105.2982,-2091.2947,
,,10019.7025,,7930.37
10.032025956275236,5.994658879467051,13267.2747,-2036.2784,11227.23
9.929143141970561,,11666.1974,-1966.6641,9929.51
9.808680928263543,5.9862214104534095,13495.0426,-2094.072,11276.6
10.084063737113933,5.999957250071011,,-2231.7442,9360.59
10.132826282843663,5.999962504377446,12169.2218,-1922.8828,10170.15
,5.999839142622358,8900.4291,-2312.6057,6685.71
,5.998563659343919,9940.7452,-2131.2882,7750.11
9.993592369831614,5.997524367392355,8531.6478,-2083.8101,6482.24
,5.99903919685785,10168.4556,-2180.7148,8061.83
10.087939832760942,5.993036132806363,11116.7694,-2154.9626,9035.84
10.03448689376739,5.998177631107442,10475.6487,-1876.6413,8623.8
10.03457010349761,5.998843425108933,7229.4857,-1641.5699,5584.06
10.125640731649016,5.999098503420383,,-2303.8344,6100.41
9.983534521871157,5.999844306623009,7782.8078,-2074.4796,5706.49
10.092175430378068,5.998413590648728,10634.1696,-1972.0793,8679.76
9.917892495362835,5.992536661686446,,-1968.7279,
10.160017611839672,5.9965524279919356,10546.7828,-2320.3925,8211.7
10.073715613782788,5.992862622813665,6285.314,,4497.84
9.959635015981746,5.999678405678914,10198.5488,-1987.855,8194.67
9.790117467496417,5.998145417682009,8062.753,-1887.0293,
9.99996892828689,5.999970688745886,11477.5852,-2222.2705,9510.73
9.882093967383822,5.998134900900503,11602.6238,-1998.9607,9784.33
10.029958976942078,5.998541561915433,11142.3319,-2163.457,9052.34
10.144608084429672,5.99707518706289,11972.7241,-1931.7458,10012.68
10.016005295856102,5.98426343546425,11686.188,-1652.7678,10166.16
9.982199678711169,5.994081152945631,8992.1359,-1826.636,7060.16
10.034213861822991,5.998272233658586,7318.334,-2082.4654,5152.85
10.028561135115593,5.9977604278158125,11480.0329,-1936.5483,
9.765906154497221,,10654.0685,-1951.2641,8733.39
10.024091355387563,5.979514688131171,5964.6627,-2251.7525,3734.46
10.06198796859757,5.999939930894089,6865.0732,-1559.5508,5402.48
9.97406874360984,5.998987814445028,7579.3036,-1871.4298,5662.72
10.097699808152067,5.999974984547481,9842.7916,-1791.0473,8194.07
9.987232889405094,5.972483397064707,,-2146.6566,5319.51
10.076624695785473,5.999922117803941,11353.0771,-2235.1228,9067.26
10.225358036826641,5.9996690366481324,9006.2298,-2091.6716,7037.13
9.990361036362335,5.994622705296711,13331.5335,-1968.311,11469.51
9.807005396960438,5.999945992471863,10871.6213,-2022.9792,8882.53
9.966347182868919,5.998647358194431,9740.7592,,7432.65
9.828266541357845,5.9986443096913,10861.493,-1838.431,8878.89
10.061085728821494,5.99738859979699,8220.629,-2106.3953,6118.04
10.130561292760095,5.997739532441045,13101.0947,-1704.9175,11263.19
10.069531816654493,5.999771086952474,12211.2049,,10340.04
,5.999204565962865,10499.2144,-2059.651,
9.935552152134466,5.973621574061022,,,12142.08
10.156913813149592,,,-2008.914,5450.12
10.075256403442731,5.996512145589609,11684.4977,-1930.004,9783.32
10.028443119143247,5.999896496605071,12553.2647,,10326.66
10.020484599013605,5.996873524205923,11018.0086,-1615.9673,9535.06
10.011162504041216,5.988558846643645,9691.2665,-1834.1694,7941.72
10.045206230951782,5.99999321751675,6304.5158,-1721.2972,4539.79
9.938705727432987,5.9999976228874665,12288.1683,-2230.681,10112.2
10.151934293888909,5.991441773489562,9164.9136,-1906.6311,7341.31
10.015233386059293,5.99935667844431,9857.7675,-1799.0896,8296.19
10.059969441727661,5.999724677862664,12070.1116,-1691.4964,10436.9
9.956656854661407,5.997430052350998,12075.9447,-2337.0109,9779.65
10.037483070638995,5.966290784309855,7822.1555,-2166.3755,5745.29
9.773799559961166,5.997922340353866,8122.4722,-2057.6106,6002.77
9.888403055790649,5.996571118169972,8634.5796,-1916.2508,6792.24
9.996858689847695,5.980658372991072,11425.4511,-2214.4332,9111.79
9.868137838651874,5.991706129751042,,-1742.8527,10771.14
10.24152920789719,5.995778043339106,,-2189.3871,8867.42
9.833964364486683,5.990741673274133,9138.2373,-2379.1377,6755.01
10.03458317763282,5.9999295545253775,9714.6179,,7947.01
,,,,
10.048110127425913,5.987147389305688,,-1975.8012,5839.47
9.96898222053105,5.997968123487078,11620.4558,-2016.5412,9585.72
9.944813642065798,5.988149223493723,9787.0036,-1708.9723,8033.3
,5.967579918350793,11003.268,-1854.6775,9315.52
,,,,
,,12169.4306,-2257.4068,9955.34
10.06906483639348,5.999991863282734,11089.5614,-2078.8521,8921.1
9.969216961061425,5.997644679226562,10141.4052,-2081.3267,7916.34
10.00875088932733,5.997747063066942,15042.5179,-2293.2588,
9.969596056927637,5.972392302141664,12658.1672,-1831.7185,
9.90317218514788,5.995100486669494,10550.528,-2265.5979,8185.24
10.118634987796174,5.9989691169366886,11611.1244,-2266.616,9283.87
10.138856489206306,5.999036267114147,10235.6681,-2137.5946,
,5.999985326338117,8665.2915,-2218.0517,6522.17
9.973445505900605,,6850.5987,-2067.9957,4691.66
9.982211004452061,5.99996617062109,14555.6085,-2274.6378,12336.61
10.053854261242789,5.999898197277644,9140.6974,-2062.0221,7242.6
9.909593582086112,5.980501192160335,11212.8856,-2044.8703,9193.98
9.991147585069104,5.999624555961431,12689.563,-1913.2224,10710.14
10.026292875129691,5.99656232013509,9141.1699,-1935.3941,7079.32
10.064160113794552,5.997770334292025,9452.1033,-2032.8158,7434.78
9.725486501830256,5.999364803021882,11065.2586,-1920.232,9144.25
10.040329380600706,,11084.1508,-2042.3055,9132.05
10.034577782150016,5.996763608817968,10066.5476,-1714.8938,8401.82
10.100602349527849,5.984715395502709,,-2135.4748,5807.95
9.947397886918639,5.988167095273379,12744.3591,-2101.3631,10497.8
9.948187889079156,,11583.6479,-1987.8527,9455.8
10.119962052393326,5.9999495412679975,10367.1413,-2140.6129,8238.2
9.844320136960752,5.999999204998309,11674.3372,-1730.9649,9938.66
10.162189401386295,5.999758214958934,4564.5184,-1862.9332,2704.19
10.252815749964729,5.99669191356997,,-1849.3877,8219.08
10.047727030548115,5.998928579730896,9172.198,-1882.352,
10.081319952333368,5.990693318069917,6463.8188,-1844.1122,4669.35
9.851592079110898,5.98533020854785,11119.3684,-2129.1753,9144.67
9.930599852007955,5.994022115007216,8128.8028,-1887.8763,6264.68
10.1055890608213,5.988897132987528,,-2203.3937,10834.42
10.036173640986256,5.998642071032757,9718.4722,-2176.4686,7585.71
9.981858248989717,5.995228837710711,11377.5875,-1912.5782,9427.54
10.023284808618529,5.977394266869622,8876.2069,-1997.5763,6969.9
10.050675933604543,5.998278156917154,11712.4999,-1937.3269,9804.28
,5.998200224869505,13035.269,-2102.6065,10971.1
,5.99247041997561,7099.6607,-2136.6168,5062.36
9.996369270496986,5.999943849140851,11274.2459,-2059.5913,9381.27
9.894966190888411,5.992590744276483,,-1975.9456,5019.99
10.032353815638142,5.980945515938414,9772.1284,-2055.874,7683.79
10.179382359855246,,10525.8802,-1822.2366,8752.28
10.172331618402533,5.997262675583868,,,5825.12
9.85289585090812,5.999639901075656,9349.0487,-2308.0607,6996.67
10.057032158873943,5.999984777077347,13217.6833,-1902.0785,11484.55
10.06749901714435,5.995795354985926,11870.8305,-1755.3461,10100.62
9.958960482537355,5.98598316276758,12175.7827,-1896.1918,10176.93
9.903729326952659,5.998644830439,13526.5383,-1817.6729,11674.98
9.868302271603474,5.995903710395494,,-2156.3584,7156.67
9.955544278209805,5.99999066713908,12103.8214,,10145.56
,5.999999769028599,8831.199,-1871.9582,6793.07
9.984194840526804,5.991263154728502,12652.2724,-1998.0153,10635.25
9.93894468811544,5.998647442287761,7870.6113,,5570.85
9.875408945898686,5.999365541778094,8408.4674,-1965.8264,6565.8
10.035064436486996,5.998913312492439,13801.7275,-1713.8778,12190.02
,5.9959135568848145,11254.9092,-2086.9953,9115.16
9.907440478594713,5.99588716556098,10669.2885,-1560.5626,8959.58
10.04482786893857,5.995563745941415,9642.6414,-2024.1396,7551.19
9.813157041147495,5.994137361174046,9252.5775,-1914.4141,7430.32
9.93430074510424,5.996403870727761,,-2190.7827,7645.23
10.072895698436692,5.996096150448351,9823.7869,-2421.5285,7275.83
9.888455890750883,5.996107669626308,11410.9535,-1806.0271,9605.99
9.939593125326569,5.999486022183612,13692.1376,-1866.5955,11928.44
10.141321992551623,5.999559336432177,8390.6312,-2563.1349,5792.3
9.926781181263493,5.986395469873841,10362.0075,-2033.6215,8273.91
9.914709266098715,5.999491146704386,11688.6386,-2070.1842,9552.94
10.057553016121629,5.987648542259507,,-1810.6393,7613.24
10.194230898347032,5.9965932178767,11713.1426,-1847.7489,9884.86
9.976035299712237,5.999503127022524,7435.4478,-2180.9724,5385.44
10.076797893706658,5.999706475631707,15131.7347,,13362.07
10.13417106646852,5.999772288664168,10689.6146,-1995.6158,8775.4
10.032549466027943,5.9999678399611875,,-1967.3253,7969.9
9.973011487270512,5.993803181905288,8624.371,,6634.86
9.912479445386339,5.999857540253921,9476.8141,-1815.7946,7795.94
9.857960901784475,5.999980110132364,11536.0459,-2339.8276,9108.66
10.110941327501836,5.999786476998121,15351.396,,13120.83
10.018094727002,5.998517160944074,7571.5814,-2261.9564,5377.9
10.132885855878587,5.998846600495492,9805.4957,-1877.9706,7970.26
10.098731420013815,5.999636508596236,7881.2464,-1537.6715,6239.97
9.938342082455929,5.99787320584749,7725.6146,-2209.8389,5383.56
9.881589795024032,5.991568336732655,10180.5579,-2154.3929,8118.9
10.041255246615044,5.994980016775517,,-1843.4122,7281.9
9.936791477103949,5.996660239968561,10679.6154,-1755.5469,8935.29
10.037660006366071,5.9964206230726,11436.3263,-1883.2013,9454.92
9.926949932408796,5.99422170806708,7655.0008,-1925.0448,5730.89
9.913983898282744,5.996829526307611,8965.796,-2278.5019,6818.05
9.985901386153435,5.993279427908718,9454.7827,-2054.0795,
10.093274280648153,5.986865530758952,6132.0123,-2003.4112,4064.71
10.030649188999465,5.998055617879155,9491.3357,-1639.8881,7930.65
10.117564995139949,5.999136047274685,,-2011.2397,5796.27
9.876956438314915,5.994091006445837,9560.9946,-2010.0623,7763.44
9.894489041014754,5.992973643616931,9907.214,-2031.3461,7928.55
9.991083748227856,5.999327809330616,6599.2171,-2202.1687,
10.214881152767536,5.994322488969447,7896.8983,-1582.5065,6165.16
10.067377527618344,5.996829389307329,10804.8186,-2154.6528,8576.19
9.89354085171507,5.997465526573761,11858.7563,-2174.6394,9812.34
9.99238602827306,5.993853254072281,14150.857,-1921.8836,12307.31
10.022069687102908,5.997607949729593,10713.8857,-2167.3027,
9.943162072978978,5.989639237792683,8730.2394,,6742.06
,5.989847417524892,8245.1698,-1703.7408,6617.23
,5.998588905732695,7612.5982,-2227.7859,5445.95
9.970071397928246,5.996110368817162,12160.5011,,10152.06
10.125692343659404,5.999862622134492,7463.8863,-2088.0313,5300.32
9.82986556623224,5.987684054684041,8507.4734,-1931.2187,6508.63
9.903967686714523,5.99073519636819,,-1831.1123,7784.86
9.918360064381424,5.988571857770692,12713.21,-2191.1155,10302.0
9.91533337526909,5.979152077729758,11258.3227,-1979.7354,9225.14
9.927189182827274,5.99995557625586,9727.6748,-2099.7112,7650.1
,,,,
10.109433672611281,5.9929171616760195,14215.9039,-2183.7878,12144.27
10.091476066613318,5.9865690971710865,9338.8608,-2013.9482,7195.88
9.898220335876394,5.999906371552687,12417.3391,-1843.8619,10705.26
9.98925841671727,5.971502248876233,11268.4444,-1998.1843,9353.76
,,,,
10.023997991209876,5.998725636621662,10295.686,-2024.4622,8529.34
10.130204011411687,,8668.6173,-1820.218,6825.56
9.932517898734005,5.989750789089809,8019.9162,-2207.4894,5711.74
,5.996858914754502,9614.8567,-2176.3518,7342.11
,,8079.2675,-1653.8121,6377.64
10.025104864086417,5.9823759221039605,7339.4356,-1974.4417,5328.82
9.892319496281141,5.989222699568286,15233.8219,-1661.8429,13513.74
9.90723977091435,5.9982445954060815,8227.9725,-1711.3253,6545.87
9.92705376244437,5.991576398466127,9053.8143,,7247.16
,5.997078525943756,10262.7881,-2202.9645,
10.154174912213428,5.996617025679005,,-1855.7423,12102.71
10.117269728391717,5.993728877931129,11375.5796,-2118.9511,9365.02
,5.9776221650975625,12979.8143,,10820.22
10.017292467478839,5.989945909726489,10346.149,-2173.7419,8102.29
9.841231109490755,5.984200340584374,10064.4421,-2041.2857,8040.22
9.982071725910439,,10429.6204,-2023.1085,
10.015960793592942,,12608.9464,-2120.3661,
10.114317949730863,5.999938784237908,,-2283.215,6215.77
10.032674655081962,5.995700512711952,8854.8073,-2012.761,6797.72
10.043275486991897,5.999889923807419,11950.5693,-2259.1436,9857.35
10.029771889091231,5.995001576473012,12997.157,-1884.2838,11153.79
10.026896874856714,5.987189120764443,7305.2307,,5145.49
,5.997059785138559,9053.9431,-2353.2513,6723.75
9.958336296346651,5.996199218834968,11019.8636,-2239.2153,8825.2
10.14299680505312,,11246.3294,-1985.123,9197.77
,5.9981833939933935,12519.8821,-1912.4381,10461.4
10.049403331439793,5.999998538693465,13107.9722,-1930.6514,11150.1
10.006671481431626,5.995782787945582,9191.1618,-2229.9048,6891.31
10.065896355526569,5.998651019431808,12346.4703,-1804.4729,10603.41
9.905651598415169,5.9999550344474235,8338.4272,-1775.3882,6631.05
9.842650683264695,5.99135437201186,12231.757,-1816.732,10370.72
9.961800640909027,5.990834212456574,9649.796,,7874.44
10.053766367180454,5.999561010136698,,-1961.8517,8997.26
10.010782779266641,5.999926435696249,11636.9892,-1861.5038,9551.61
10.101222213294996,5.995994589598858,,-1704.4837,10244.35
10.03513781705668,,10770.4525,-1956.2815,8677.32
10.004484204593165,5.998338350037181,10669.1145,-2033.2182,
10.132358952851117,5.998789502783928,,-2128.9379,5675.22
10.112995730115102,5.998647248407819,10925.8373,-2250.24,8759.12
9.990191027181469,,,,6980.3
,,,,
,,,,
9.983855587572654,5.994845311147208,13431.3281,-1821.8912,11636.75
9.963327086862801,5.997300661381677,,,10093.23
10.165017971896937,5.9979247644431615,9859.7206,,8433.53
9.83277593150403,5.990938178725049,9627.781,-1977.2145,
,5.991475959650765,8623.1175,-2073.2924,6562.69
9.893579257753585,5.999888037901255,10112.137,-2208.3192,7998.58
10.01167992131143,5.999279586721324,5895.6589,-2150.2864,3726.77
10.03821717413858,5.997310396210637,9755.1015,-2225.5432,
9.959521364892046,,8753.4331,-2033.3787,6645.62
10.053023264359416,5.996282312926591,9667.4795,-2292.8399,7308.95
9.980138611983849,5.997707781113075,7206.7371,-2314.1874,4947.96
,5.999997350951013,9187.7544,-2376.7039,6811.73
9.958223289116244,5.997942065519963,13215.2303,,11089.58
10.065036493417487,5.980022864485616,10385.4824,-2036.6461,8385.71
10.013849703570562,5.999181106749743,7888.2993,-2380.3845,5391.01
10.15667578255584,5.999992981955934,9110.1589,-2103.3968,6745.68
10.126661345694455,5.998262717670333,10262.8019,-1687.1629,8549.05
10.05534916109355,5.999827443065559,5950.818,,4091.6
9.785730240393981,5.971753850162894,15277.4744,-1958.3166,13354.91
9.852111621583107,5.999936522170135,10525.2381,-2086.5475,8549.41
10.098465248977547,5.9991541097118395,10520.4464,-2191.519,8309.71
9.952454076132517,5.999794493180664,11622.5396,-2018.2856,9462.74
10.023482217159563,5.992832034388589,11154.9001,-2006.1981,9135.89
,5.988948935385861,13082.45,-1810.2917,11186.76
10.051765516057145,5.986903747907624,13691.0536,-1886.4153,11919.09
10.095652529929868,,,,6469.06
9.879331998040948,5.979276968830278,6493.964,,4615.59
9.918732578032671,5.99793433660346,6895.6188,-2165.0765,4648.79
,5.999795713046288,14890.0347,-2466.7145,12421.16
,,,,
9.83424057259507,5.991211825106234,13236.7617,-2121.2106,11164.33
9.963400006751227,5.987970424142352,7980.4972,-1806.4098,6144.45
10.051937735676633,5.9999825537111935,12761.9836,-2051.9286,10637.94
10.204359440813583,5.982129321741762,12738.9865,,10572.9
10.036833500430006,5.99240178014017,10472.8,-2141.0402,8415.67
10.124960951619514,5.991904657204098,8766.5265,,7093.45
,5.992543602155379,12432.9507,-1965.7266,10411.44
,,,,
9.978909274127352,5.999518507299536,13367.6098,-2091.6496,11324.46
9.961682369495037,5.998276273764928,8864.175,-2292.7256,6697.03
10.117168057888025,5.998442794674873,12966.5417,-1992.98,10615.41
10.037458669712468,,8663.1413,-2266.0286,6510.3
10.033623295928063,5.997800341354428,8570.777,-2292.4302,6310.02
9.939219958712252,5.998957421769839,11458.3501,,9925.42
9.965502672870963,5.990716846660118,10039.4956,-1566.0671,8429.91
10.205279272607008,5.993990731481383,,-1995.3727,9228.53
9.993249868219038,5.993727108838948,16357.0971,-1750.991,
10.132228420884896,5.998734698415708,8241.4973,-2095.2339,5981.49
9.947998294405268,,,-2109.4451,7334.61
10.080068616299206,5.99999487230793,10276.1081,-1876.4036,8448.86
10.02897550381056,5.994490101518015,8006.3984,-1842.6548,6061.28
9.959639655053095,5.996605400582437,6965.8429,-2009.3717,5015.53
10.064810831499797,5.9824701081570195,8245.0136,-1730.1661,
9.846267683201638,5.999794022211461,11534.756,-1696.4454,9900.7
10.0574305257579,5.999968680258198,8634.4519,-1792.5563,6919.95
10.078609136730758,5.999537952800379,8648.7245,-1992.3022,6661.49
10.027303925140254,5.995070073062363,10995.0697,-1646.0414,9407.19
10.130717217179098,5.991240582157918,8084.4066,-1723.0166,
9.99319000716845,,11920.6594,-2078.1526,9590.37
,5.994965990832995,14234.8448,-1939.8454,12367.28
10.035496494410626,5.999275346866092,10578.1795,-1942.6187,8736.52
10.086661781537106,5.995982174487945,10912.0225,-2467.7107,8570.38
10.05695321685313,5.996700461345237,8629.4352,-2077.5716,6535.42
9.977340632045816,,10577.0518,-1948.5231,8526.09
9.90064142609537,5.999446564881403,10988.3821,-1862.527,8882.62
10.066299258523916,5.999666587299934,7625.6312,-1766.9142,6189.89
,5.9995917799520955,8174.7863,-1902.8908,6339.88
9.918263748701396,5.999444675614061,8449.7006,-2200.112,6290.82
,5.998586241378318,10428.2591,-2018.1142,8344.37
10.005770848644417,5.999370772535181,8974.1276,-1622.2125,7372.38
9.920454480574467,5.993725446163154,10390.5066,-1694.5549,8715.46
9.886675171601192,5.999990410849397,9046.8136,,6953.23
,5.998684401066856,12315.2975,-2008.0155,10341.38
,5.998691621692182,9643.7437,-1847.8056,7796.61
10.045412822981016,5.985071833903253,8076.6663,-2176.6481,6059.89
10.006726640347852,5.998753736125952,13527.6539,,11394.12
9.892163889412307,5.990064942382487,14565.897,-1782.7995,12741.52
10.022864220557047,5.998516175782539,11602.3963,-2189.529,9420.95
10.032269948797081,5.999107203955441,10948.4086,-1715.2483,9239.55
9.954519374920087,5.996761969475257,9948.8045,-2001.4863,7673.46
9.920459505149422,5.994605112104268,10909.2127,-2095.3511,
9.92042121738003,5.99990701544125,7971.076,-2319.8709,5704.36
,,,,
10.219619277990466,5.994614801676316,11202.448,-1921.3177,9411.96
9.91120984068141,5.993458476177129,,-2241.5548,5595.04
10.02659678000899,,13972.3669,-2454.2991,11742.64
9.92865041676927,5.998888234837818,8491.566,-2072.667,6326.65
,,11125.0648,-2287.0218,8749.49
9.929445024743897,,7675.5619,-2377.6118,5178.59
10.080034547423539,,9962.5853,-1993.2288,7934.87
10.037901702437216,5.9999145081138945,10853.082,-2052.3445,8764.81
9.98706598053263,5.987816519870684,9160.6257,,
10.050272294986959,5.99100604457343,8777.5424,-2196.2285,6479.63
,5.987906801820209,9467.8411,-1926.8989,7619.02
9.915031070929556,,12781.2622,-1957.2548,10745.37
10.054697929741588,5.999387148600569,12125.9937,-1747.7132,10536.85
9.92829841184852,5.998498614806655,12334.6398,-2022.5872,10163.05
10.083695499801097,5.994095162273449,12185.5593,-2386.8328,9861.42
10.073952274761208,,13270.5488,-2129.1923,11057.69
,,11689.599,-2184.7766,9531.08
9.979008907720015,5.9998390068101095,5957.499,-2023.2899,3939.67
,5.996998135002948,11327.3078,-2261.6096,
9.973640183729657,5.999101720993748,10922.0687,-2265.843,8450.94
,5.9931454899401135,9562.2454,-2241.477,7386.62
9.931819829230072,5.999254160511505,7271.633,-2053.4224,5227.88
10.00496710357198,5.988647343745537,8684.9045,-1862.1412,6819.22
9.826125329286196,5.999879212063779,9344.6927,-2077.729,7403.89
10.026034523937108,5.999678465830586,11826.3578,-2065.6338,9917.39
9.896632128540462,5.994961547976159,11491.8216,-1710.459,9936.87
9.868567702359709,5.997712602777248,7815.3895,-1728.7626,5949.04
10.051848229975525,5.99978753159959,11256.3428,-2016.4121,9340.75
10.021032202093181,5.999969365239392,6529.3157,-2158.1337,4330.77
9.955676776397791,5.999950092562485,9164.9314,,7190.67
9.969795027179124,5.999926269893728,,-1987.3125,7965.3
,,,,
9.980586790289378,5.997858966926395,9490.9647,-1927.373,7541.04
9.979879754946825,5.982804493117316,11154.7856,-2123.5597,9104.17
10.0651842782035,5.985618134726102,10599.4293,-2119.817,8432.74
10.008721123171203,5.999944308886115,10998.8463,-1814.7479,9216.86
10.098582463600504,5.999678656265733,11369.2296,-2071.6793,9432.25
,,,,
10.076035457870102,5.998069969743213,11839.891,-1627.8595,10396.64
10.044318520561893,5.9996051347609125,13350.2951,-2214.6997,11175.95
10.0644855999021,5.999298874615924,9683.577,-2248.4348,7307.84
9.99573471594829,5.992773768324313,5987.0192,-1900.3823,4025.97
10.02225094122795,5.999459331288784,11358.8653,-2083.9431,9271.59
9.972899768946723,5.996181289914304,10044.235,-1921.4822,8147.41
10.060380201707508,5.9959485189444255,10987.2658,-2053.66,9031.2
9.865802226816108,5.992093775789252,8470.3231,-1959.4124,6409.65
,,,,
10.099636936226345,5.999591912693201,10113.7963,-2104.6498,8042.92
10.07410817564445,5.999996434127518,9653.5551,-1837.1361,7850.23
,5.99986718402871,9891.1364,-2046.7046,8028.36
10.050501430009037,5.977744293708365,9038.6138,-1967.0445,
,5.99911361671391,9740.5455,-1893.5144,7908.94
10.083612490454565,5.987089155910589,11414.2982,-2123.4403,9321.02
9.890299696170885,5.996556844392966,11104.2245,-1996.4055,9136.98
,5.991534676463153,7631.7869,-1785.1773,6006.49
,,,,
10.040661570556807,5.999733026433217,8595.1097,-1894.7652,6562.56
9.955306528215297,,,,8584.82
10.075943433761092,5.997430611999322,12525.9674,-1900.8369,10570.84
9.81730539812354,5.983682535388626,11709.7261,-2094.571,
10.07764395498585,5.995192133850368,8726.6999,-1983.075,
10.019142621656869,5.999485373214302,10186.8111,,8548.38
10.104902507618418,5.99895696256152,10782.5122,-1720.1383,8937.33
,5.996299187225784,10931.4817,-2022.0753,8915.12
10.18278557223391,5.99122958414262,8361.9096,,6270.43
9.905957240920285,5.999998187773976,11086.535,-2005.0179,9001.08
10.060903018848338,5.98657602197824,,-1835.6925,
9.911515425098957,5.999637496038941,8179.4124,-2367.688,5908.43
9.987361718422795,5.997015739792661,10735.834,-1737.5619,8993.78
10.074169088519023,5.996622209682127,9127.7542,-2233.3191,6818.31
10.062502266384854,5.999746990290038,8285.1641,-2080.6337,6091.7
10.206458284551056,5.9998867661123425,9215.8013,-1795.9275,7390.83
9.964866558559637,5.999582846098543,,-1990.3201,6180.33
10.128245962685206,,8615.0152,-1979.1155,6716.91
9.974572722070576,,13180.861,-1954.0969,11099.07
9.929967364549041,5.999434612565061,,-1930.836,5832.57
9.838416176863964,5.9999912017786805,11621.9243,-2036.2655,9869.23
10.016266345175275,5.994664783458022,10955.826,-2016.6586,8956.73
,5.999971623426675,13278.2744,,11543.7
,5.995526875363648,,-1768.9644,12657.83
9.947184509970526,5.9792553095104,9712.0242,-1529.9199,8240.31
9.952357885457412,5.994844000341757,10643.3452,-1688.7086,
10.035458093332295,5.986683342071526,,,8295.01
,,,,
,5.998142573474469,9144.2015,-1871.8175,
10.101585742300795,5.993119525308169,16303.1989,-1952.8549,14449.67
10.08729926100263,5.996202103050873,10865.2907,-2235.9816,8549.04
9.977907200577004,5.981914919542185,7129.7634,-1922.803,5302.72
10.067490287507855,,11305.4412,-2122.0484,9224.6
9.971576186088452,5.991795625098819,12219.1004,-1892.0873,10430.46
,5.993288949945738,11466.9616,-1801.1588,9655.26
9.988790705575862,5.996213524270984,7293.5136,-2296.1745,4955.26
10.008041322690243,5.9997802731614485,10536.6263,-1813.0019,
9.967426602042005,5.999892439560293,7003.2166,-2027.816,5073.07
9.831462846239573,5.990484966959389,9515.438,-1804.0255,7857.68
9.973687699122513,5.99531236054502,5202.6609,-1822.1953,3466.07
10.02320161502014,5.999858666169144,6657.108,-2173.457,4273.85
10.149529357998443,5.967607016777164,,-2071.4112,8716.39
,5.99208719643311,12323.8135,-1897.4136,10430.02
,5.999024358142971,9769.7186,-2273.5552,7499.84
10.005994283376982,5.970792427504649,11413.5038,-2019.1285,9152.78
,5.999614127448867,14123.3332,,12348.47
9.962112464376466,5.99923547672451,8074.7284,-1800.8861,6341.61
10.068170789760718,5.998037888554016,11304.4374,-1671.8905,9523.14
10.16179447404471,5.9987720943140195,12662.4194,-2098.4896,10308.62
9.963693107452231,5.999882756162158,10366.7137,-2132.2052,8226.0
10.12045978457357,5.991367474168701,10823.1299,-1891.5142,8826.37
10.087520511340934,5.99519872784259,11015.0879,-2101.78,8964.89
10.053698645488113,5.99997523313594,9139.1765,-2226.1988,7006.34
10.011192328168693,5.9997964893338604,12683.2823,-1724.6969,10971.64
10.033771964057205,5.996608904001964,7608.0881,-1789.7657,5792.02
9.978262394898389,5.999604389493944,9209.5918,,7124.12
10.1826556329326,5.984339155588494,10269.7286,-1886.4617,8391.8
9.928221463495374,5.998102220156402,11970.4728,-1662.6043,10231.24
10.113250972697713,5.999974714121256,7909.7644,-2139.859,5784.64
10.154352604971537,5.999037505425843,11955.1159,-1703.5045,10356.2
9.967692189812304,5.9999890547395935,,-2201.5643,7538.43
10.11632077232616,5.985286454762942,12124.5737,-2214.3761,9929.03
,5.999981893100504,14800.7462,-1951.3478,12897.79
10.00623593844676,5.9998131818254485,11986.6336,-2083.5947,
9.992543699808706,5.998860887803987,10680.9237,-2005.9598,8680.44
,,,,
10.054764983591257,5.997223705847312,,-1796.7828,9445.7
10.143854342989314,5.999912964098749,11252.5078,-2072.7588,9245.34
9.929586274241345,5.998661736839561,8378.3148,-2237.9113,6026.12
10.084632506437968,5.998032535151419,10501.6492,-2009.527,8489.48
9.991479563868195,5.996946234932791,11149.0224,-1507.4821,9612.28
9.890948382406203,5.9981090724607045,8192.686,-2216.6878,5894.1
10.099623465136203,5.999924199136584,9785.5348,-1956.2169,7864.14
10.167805995949514,5.99256415829176,7414.8901,-2242.3608,
9.920658245047942,5.999017902873566,5417.5958,-2297.7798,3008.39
10.02157849459809,5.999941131509911,9604.3717,,7400.68
9.856523304013717,5.996516852962437,9365.0184,,7420.86
,5.997951869524747,13285.3936,,
10.048587502826065,5.996483212351246,,-1967.9919,5383.03
,5.99591531798869,11225.9137,-2018.8926,9202.92
10.15512834682883,5.9716054551240365,10379.6892,-1884.8386,8508.31
10.163512307485728,5.998392289384087,12252.3586,-2107.5127,10109.08
9.947315209056145,5.997718656506959,9167.6871,-2011.3761,7156.66
9.97548594905458,5.997400870503069,11247.3188,-1844.7464,9531.95
9.834336724185624,5.99924289835381,8121.5273,-2305.9453,5627.13
9.928545394308603,5.99675650281287,10918.7379,-2104.3559,8841.16
,,,,
10.036545549870057,5.9961810782809835,9039.3821,-1896.8983,7102.24
9.930357418199494,5.999949016033498,12414.8543,,10017.46
9.890080332898075,5.993261096572385,10272.8576,,7719.94
9.964466038561653,5.999278562838,11455.2244,-2401.375,9051.47
9.881789357908886,5.9948695165434716,13362.9058,-2149.6508,11087.92
10.030896764139046,5.989429557760843,12808.9242,-1842.7012,11034.88
10.028440913765195,5.996974984444369,12266.4307,-1897.8087,10284.37
9.96843398547876,5.998145354479972,9596.4027,-1810.5197,7719.77
9.926997450920206,5.999885802140268,10711.0025,-2021.7912,8647.62
9.866456019394075,,11139.4609,-2020.5747,9172.14
10.055507117657307,5.983767098161254,11779.1448,-2015.4056,9834.67
10.022870079860951,,11191.7076,-2084.0934,9170.87
10.046414864671036,5.9952062353164095,8929.6349,,7387.28
9.96936125752825,5.998289362483843,9527.213,-1910.9357,7683.14
9.978209374289213,5.998805996706695,9613.7788,-2160.0605,7309.66
10.143700694593791,5.9633045537271,9263.9206,,7291.8
9.939977612317465,5.982038101276115,11597.3292,-1806.3876,9827.34
9.968740690793886,,6758.8415,-2374.0109,4437.22
10.074320618666848,5.999257453998344,8813.2189,-2041.0345,6691.73
10.030286497584273,5.9993846409563085,9394.0317,,7605.91
9.796763558229413,5.994993826033758,12680.6374,-1866.9158,10940.05
9.832011640198589,5.999019027308459,8130.732,-2078.8692,5895.63
9.933964960116086,5.99901249148418,11069.3016,-1814.7784,9275.17
10.090904299239027,5.984618301286442,10238.6956,-2009.1366,8186.27
10.067116815531806,5.9770534650078115,8726.1547,-2183.9008,6526.7
10.051928968944578,5.977180316187166,14582.2852,-2028.1455,12583.13
10.062733189339038,5.997981400072512,11476.2572,-1723.1324,9643.69
9.903257069647243,5.998713674885782,9028.5473,-1897.8355,7184.39
10.060068527055336,5.992677331652745,12501.1246,-1992.6073,10400.25
9.908001900383374,5.99789863604822,10082.7582,-2290.5444,
10.094588303174334,5.996348504325425,7771.4317,-2057.4102,5547.53
9.948965665764772,5.998177842250806,,-1830.7047,3123.46
10.028158885178474,5.996063686016514,11346.7904,,9405.87
9.813645983968206,,10845.8107,-2321.0151,
9.865519787660672,5.986357088234436,8318.4734,-2200.0023,6314.28
10.108851631521127,5.969731707403803,7249.2826,-2039.2037,5169.26
10.069119232537963,5.9986175023707204,8564.0955,,6404.85
,,8994.5014,,7097.57
10.128205338653956,5.972648931156334,10941.1654,-2300.406,8664.33
9.891137732965978,5.996574157691313,10563.4201,,8312.45
10.001996109064864,5.994815218561122,9194.9684,-1822.3481,7354.01
9.952008379281978,5.998135505992618,6816.8376,-1804.1145,5204.67
9.907789656415186,5.998376333581598,7686.7282,-2278.6591,5468.82
10.116528708799681,5.993387231884002,13445.831,-1866.3683,11481.38
10.167701957910005,5.98567821784789,9130.6614,-2271.4042,6873.83
10.017826477415262,5.999882010623628,12634.9058,-1866.8908,
